	name	debug
0	active_0	ok
1	active_1	ok
2	active_11	ok
3	active_14	ok
4	active_20	ok
5	active_21	ok
6	active_35	ok
7	active_38	ok
8	active_39	ok
9	active_42	ok
10	active_46	ok
11	active_48	ok
12	inactive_16	ok
13	inactive_2	ok
14	inactive_20	ok
15	inactive_21	ok
16	inactive_22	ok
17	inactive_23	ok
18	inactive_24	ok
19	inactive_3	ok
20	inactive_33	ok
21	inactive_35	ok
22	inactive_36	ok
23	inactive_39	ok
24	inactive_42	ok
25	inactive_44	ok
26	inactive_5	ok
27	active_12	ok
28	active_41	ok
29	active_49	ok
30	active_7	ok
31	inactive_11	ok
32	inactive_13	ok
33	inactive_18	ok
34	inactive_27	ok
35	inactive_34	ok
36	inactive_38	ok
37	inactive_4	ok
38	active_29	ok
39	active_3	ok
40	active_37	ok
41	active_44	ok
42	active_45	ok
43	active_47	ok
44	active_5	ok
45	active_9	ok
46	inactive_12	ok
47	inactive_17	ok
48	inactive_43	ok
49	inactive_8	ok
50	inactive_9	ok
51	inactive_25	ok
52	inactive_28	ok
53	inactive_7	ok
54	active_13	ok
55	active_26	ok
56	active_27	ok
57	active_31	ok
58	active_33	ok
59	active_8	ok
60	inactive_19	ok
61	inactive_26	ok
62	inactive_40	ok
63	active_2	ok
64	active_16	ok
65	active_17	ok
66	active_18	ok
67	active_22	ok
68	active_24	ok
69	active_4	ok
70	inactive_15	ok
71	inactive_37	ok
72	inactive_45	ok
73	inactive_46	ok
74	inactive_1	ok
75	inactive_30	ok
76	active_19	ok
77	inactive_31	ok
78	active_36	ok
79	active_30	ok
80	inactive_32	ok
81	active_25	ok
82	inactive_48	ok
83	active_40	ok
84	inactive_41	ok
85	inactive_14	ok
86	active_10	ok
87	inactive_29	ok
88	active_15	ok
89	active_32	ok
90	active_28	ok
91	inactive_6	ok
92	active_6	ok
93	active_43	ok
94	active_34	ok
95	inactive_49	ok
96	inactive_47	ok
97	reference	ok
98	active_23	ok
99	inactive_10	ok
100	inactive_0	ok
