	total_cells	MOI	library_size	total_transfection_events	gt_collisions	estimated_collisions	estimated_collision_rate	gt_collision_rate	percent_estimation_error
0	1000	5	10000	4885	5	4.6942821138836734	0.0009609584675299229	0.0010235414534288639	6.114357722326534
1	1000	5	30000	5151	1	4.440386253741053	0.0008620435359621536	0.00019413706076490002	344.0386253741054
2	1000	5	50000	5103	0	4.268167323947637	0.0008364035516260311	0.0	inf
3	1000	5	70000	5269	1	4.321713961751811	0.0008202152138454757	0.0001897893338394382	332.1713961751812
4	1000	5	90000	4968	0	3.867882555423421	0.0007785592905441668	0.0	inf
5	1000	10	10000	9739	5	11.508541285878891	0.0011816964047519142	0.0005133997330321388	130.17082571757786
6	1000	10	30000	10136	4	9.279417386816931	0.0009154910602621281	0.0003946329913180742	131.98543467042327
7	1000	10	50000	10322	2	9.126209113059303	0.0008841512413349451	0.00019376089905057158	356.3104556529652
8	1000	10	70000	9711	2	8.314729795874882	0.0008562176702579427	0.00020595201318092884	315.7364897937441
9	1000	10	90000	10060	1	8.460407267963092	0.0008409947582468282	9.940357852882704e-05	746.0407267963092
10	1000	15	10000	14697	17	22.266664049062456	0.0015150482444759104	0.0011566986459821732	30.980376759190914
11	1000	15	30000	15372	6	16.089544183187172	0.0010466786483988532	0.00039032006245121	168.15906971978617
12	1000	15	50000	15205	3	13.530107226870314	0.0008898459208727599	0.00019730351857941467	351.0035742290105
13	1000	15	70000	15052	4	12.934290663913998	0.0008593071129360881	0.00026574541589157585	223.35726659784996
14	1000	15	90000	15472	6	13.888763590610324	0.0008976708628884646	0.00038779731127197516	131.47939317683876
15	1000	20	10000	20191	23	36.25551684225866	0.0017956275985468108	0.001139121390718637	57.632681922863725
16	1000	20	30000	19767	10	21.082374276131304	0.0010665439508337788	0.0005058936611524258	110.82374276131304
17	1000	20	50000	19681	5	17.93005176581937	0.0009110335737929664	0.00025405213149738324	258.6010353163874
18	1000	20	70000	20523	5	18.0131330776494	0.0008777046765896506	0.00024362909905959167	260.262661552988
19	1000	20	90000	19658	7	16.907544669767958	0.0008600846815427795	0.0003560891240207549	141.53635242525655
20	1000	25	10000	24220	47	50.31823461525346	0.0020775489106215302	0.0019405450041288191	7.060073649475453
21	1000	25	30000	23946	12	28.147109193800134	0.0011754409585651104	0.0005011275369581559	134.55924328166776
22	1000	25	50000	24801	10	24.03679507810375	0.0009691865278861236	0.0004032095480020967	140.3679507810375
23	1000	25	70000	23951	6	22.991436806802085	0.0009599364037744597	0.00025051146089933614	283.19061344670143
24	1000	25	90000	25352	6	23.056433169891534	0.000909452239266785	0.00023666771852319345	284.2738861648589
25	1000	30	10000	29794	76	73.7525429876041	0.002475415955816745	0.002550849164261261	2.9571802794682918
26	1000	30	30000	30376	19	36.41727021462793	0.0011988830068023419	0.0006254938109033448	91.66984323488387
27	1000	30	50000	30139	15	31.752988603118865	0.0010535514981624761	0.000497694017717907	111.68659068745912
28	1000	30	70000	29747	8	28.98105292116088	0.000974251283193629	0.0002689346824889905	262.263161514511
29	1000	30	90000	29980	9	27.310495197019918	0.0009109571446637731	0.0003002001334222815	203.4499466335547
30	1000	35	10000	34786	90	97.21924331300397	0.002794780754125337	0.002587247743345024	8.0213814588933
31	1000	35	30000	35098	27	46.69837376086798	0.0013305138116379276	0.0007692746025414553	72.95693985506661
32	1000	35	50000	34631	24	36.86343373217824	0.0010644634498622112	0.0006930207039935318	53.59764055074264
33	1000	35	70000	34723	15	34.226829059422016	0.0009857105969939815	0.00043199032341675544	128.1788603961468
34	1000	35	90000	35706	12	35.191100054682465	0.000985579455964893	0.0003360779700890607	193.25916712235386
35	1000	40	10000	39596	131	127.2827577934222	0.0032145357559708607	0.003308414991413274	2.837589470670072
36	1000	40	30000	41002	52	60.92751539514575	0.0014859644747852725	0.0012682308180088776	17.16829883681874
37	1000	40	50000	40562	25	45.846200192390825	0.001130274646033007	0.0006163404171391943	83.3848007695633
38	1000	40	70000	39855	17	40.56875004366884	0.0010179086700205454	0.0004265462300840547	138.63970613922845
39	1000	40	90000	39445	16	39.21880475672515	0.0009942655534725606	0.00040562808974521484	145.1175297295322
40	1000	45	10000	46984	169	170.6385693167249	0.0036318442303065915	0.0035969691809977864	0.9695676430324831
41	1000	45	30000	45170	44	69.92452474149468	0.001548030213449074	0.0009740978525570068	58.91937441248791
42	1000	45	50000	44150	26	51.918658883434546	0.0011759605636112015	0.0005889014722536807	99.68714955167131
43	1000	45	70000	46574	29	50.919088899689086	0.0010932943036820776	0.0006226650062266501	75.58306517134167
44	1000	45	90000	44743	17	45.70017336591991	0.0010213926953025034	0.000379947701316407	168.8245492112936
45	1000	50	10000	48195	178	187.86003647151665	0.003897915478193104	0.003693329183525262	5.53934633231273
46	1000	50	30000	53801	68	89.65524111365085	0.0016664233213815887	0.0012639170275645433	31.845942814192433
47	1000	50	50000	51225	32	63.256036204940756	0.0012348664949720011	0.0006246949731576379	97.67511314043988
48	1000	50	70000	49291	29	52.06574105579057	0.0010562930566592394	0.0005883426994786066	79.53703812341577
49	1000	50	90000	49222	25	50.14958772999671	0.001018844982528071	0.0005079029702165698	100.59835091998683
50	1000	55	10000	55223	232	233.81823147644172	0.004234073329526497	0.0042011480723611536	0.783720463983515
51	1000	55	30000	55079	77	96.44019172633853	0.0017509430404752905	0.0013979919751629477	25.24700224199809
52	1000	55	50000	56674	50	72.20132217525679	0.0012739761120664995	0.0008822387691004693	44.40264435051359
53	1000	55	70000	52354	36	59.39698415631574	0.0011345261900965683	0.000687626542384536	64.9916226564326
54	1000	55	90000	55650	20	57.71230636135442	0.0010370585150288306	0.00035938903863432165	188.5615318067721
55	1000	60	10000	60946	279	292.3686922314373	0.004797176061290934	0.004577822990844354	4.791645961088631
56	1000	60	30000	60005	98	106.90056083944364	0.0017815275533612806	0.0016331972335638697	9.082204938207797
57	1000	60	50000	60960	41	82.94484213100077	0.0013606437357447632	0.0006725721784776903	102.30449300244089
58	1000	60	70000	58770	36	67.5346040702716	0.0011491339811174341	0.0006125574272588055	87.59612241742113
59	1000	60	90000	58603	27	62.93304596404778	0.0010738877867011549	0.0004607272665221917	133.08535542239918
60	1000	65	10000	66653	345	349.9388272937649	0.005250158691938321	0.005176061092523968	1.4315441431202642
61	1000	65	30000	64103	107	120.66946150984586	0.001882430799024162	0.0016691886495171834	12.77519767275313
62	1000	65	50000	65016	56	88.84116421309591	0.001366450784623722	0.0008613264427217916	58.644936094814135
63	1000	65	70000	64421	40	77.4224548361235	0.0012018201337471244	0.0006209155399636764	93.55613709030877
64	1000	65	90000	63996	50	69.52432053265511	0.0010863854074106992	0.0007812988311769486	39.0486410653102
65	1000	70	10000	68923	360	360.89122102898546	0.005236150791883485	0.005223220115201021	0.2475613969404062
66	1000	70	30000	68131	127	133.44131195575756	0.001958599051177255	0.0018640560097459306	5.071899177761849
67	1000	70	50000	70843	78	102.320376654563	0.0014443258565357622	0.0011010262128932993	31.179970069952567
68	1000	70	70000	70774	46	87.39316974987742	0.0012348202694475007	0.0006499561986040071	89.98515163016832
69	1000	70	90000	72257	51	81.16730409968295	0.0011233140609170453	0.0007058139695808018	59.15157666604499
70	1000	75	10000	73238	427	418.9838893895503	0.0057208537834123035	0.005830306671400093	1.8773092764519272
71	1000	75	30000	74597	119	156.38193836002029	0.002096356936070087	0.0015952384144134483	31.413393579848975
72	1000	75	50000	73254	94	111.05051851796452	0.0015159652512895475	0.0012832063778087203	18.13884948719629
73	1000	75	70000	73705	56	89.85110724976403	0.0012190639339225836	0.0007597856319109965	60.44840580315005
74	1000	75	90000	78343	59	92.0644857881125	0.0011751462898805575	0.0007530985537954891	56.04150133578392
75	1000	80	10000	80627	501	491.5680029089708	0.006096816239088281	0.006213799347613082	1.8826341499060193
76	1000	80	30000	81380	182	181.5268386927055	0.0022306075042111758	0.0022364217252396168	0.25997874027172024
77	1000	80	50000	82329	114	137.3766254754737	0.0016686298324463276	0.0013846882629450132	20.505811820590978
78	1000	80	70000	80424	73	107.15446973129292	0.0013323693142755014	0.000907689246990948	46.78694483738756
79	1000	80	90000	76423	49	87.48569172207499	0.001144756051477631	0.000641168234693744	78.54222800423467
80	1000	85	10000	85467	555	564.1120469114103	0.006600349221470395	0.0064937344238126995	1.6418102543081574
81	1000	85	30000	82109	199	185.528647279687	0.0022595409428891717	0.0024236076434982767	6.769523980056788
82	1000	85	50000	85870	130	141.57131806606776	0.0016486702930717102	0.0015139163852334926	8.90101389697519
83	1000	85	70000	87205	90	120.3755326407263	0.0013803742060744947	0.0010320509145117826	33.75059182302923
84	1000	85	90000	87463	60	104.43361478543375	0.0011940319310500868	0.0006860043675611401	74.05602464238957
85	1000	90	10000	88102	625	605.0577208918403	0.006867695635647775	0.007094050078318313	3.1907646573055586
86	1000	90	30000	90447	209	223.24880358982773	0.0024682831226002823	0.0023107455194754938	6.817609373123325
87	1000	90	50000	90297	124	147.42428123948048	0.001632659792013915	0.0013732460657607673	18.8905493866778
88	1000	90	70000	92089	97	128.64328451978508	0.0013969451782491404	0.0010533288449217605	32.62194280390216
89	1000	90	90000	91879	73	116.7588095406536	0.00127078885861463	0.0007945232316416156	59.9435747132241
90	1000	95	10000	94678	704	686.945112254296	0.0072555938259605815	0.007435729525338516	2.42256928206024
91	1000	95	30000	95315	251	244.31249650783138	0.0025632114201104904	0.0026333735508576824	2.664344020784308
92	1000	95	50000	94129	136	160.71936907271447	0.0017074373367688435	0.0014448257178977786	18.17600667111358
93	1000	95	70000	96152	100	137.5384268675407	0.0014304271036228128	0.0010400199683833929	37.5384268675407
94	1000	95	90000	95496	96	122.65784440454445	0.0012844291321578332	0.0010052777079668257	27.768587921400467
95	201000	5	10000	1004455	407	395.32875879714265	0.0003935753804771171	0.000405194856912455	2.867626831168875
96	201000	5	30000	1006795	129	131.78501945722383	0.0001308955839641872	0.00012812936099205896	2.158929811801421
97	201000	5	50000	1006078	58	79.08102580485865	7.860327509880809e-05	5.764960569657621e-05	36.34659621527353
98	201000	5	70000	1006884	47	56.55524073692504	5.616857625796521e-05	4.6678664076497394e-05	20.33029944026604
99	201000	5	90000	1002769	44	43.65999183547683	4.3539431150620764e-05	4.387850043230295e-05	0.7727458284617431
100	201000	10	10000	2007538	1565	1575.4073011209257	0.0007847459431009155	0.0007795618314572377	0.6650032665128197
101	201000	10	30000	2011150	556	526.4801184060052	0.00026178063217860686	0.0002764587425105039	5.309331221941506
102	201000	10	50000	2004137	292	313.51250242604874	0.000156432670234644	0.0001456986223995665	7.3672953513865576
103	201000	10	70000	2004034	224	224.18065660563298	0.00011186469720854685	0.00011177455073117521	0.08065027037186928
104	201000	10	90000	2011381	161	176.02468234696425	8.751434081706263e-05	8.004450673442774e-05	9.332100836623754
105	201000	15	10000	3019762	3590	3561.1151548433118	0.0011792701394491723	0.0011888354115324321	0.8045917870943944
106	201000	15	30000	3020479	1185	1187.9581038551405	0.0003933012293265871	0.000392321880072664	0.24962901731142795
107	201000	15	50000	3011418	706	706.8136284183711	0.00023471123185767338	0.00023444105069439047	0.1152448184661613
108	201000	15	70000	3012126	537	507.0180656737648	0.00016832564961550905	0.00017827939468667645	5.583227993712327
109	201000	15	90000	3017267	372	394.36820765491575	0.00013070378181808762	0.00012329038165995916	6.012959047020367
110	201000	20	10000	4015020	6136	6297.319424708374	0.0015684403626154723	0.0015282613785236438	2.6290649398365926
111	201000	20	30000	4023250	2105	2106.433182934299	0.0005235650737424468	0.0005232088485677002	0.06808469996670033
112	201000	20	50000	4009952	1250	1255.0552651751786	0.0003129851093417524	0.00031172442961910764	0.40442121401430364
113	201000	20	70000	4016526	929	900.2237170180306	0.0002241299364221794	0.00023129440715683155	3.097554680513396
114	201000	20	90000	4020306	723	701.7301572873257	0.0001745464542468473	0.00017983705717922963	2.9418869588761063
115	201000	25	10000	5033963	10050	9862.45768241398	0.001959183586056151	0.0019964389885265346	1.8660927122987114
116	201000	25	30000	5033145	3350	3291.9998805886135	0.000654064184637759	0.0006655878183521437	1.7313468481011014
117	201000	25	50000	5033736	1944	1979.7995625836775	0.00039330619694471017	0.0003861942700213122	1.8415412851686024
118	201000	25	70000	5035852	1461	1414.360880968161	0.0002808583097692627	0.00029011972552013044	3.192273718811696
119	201000	25	90000	5027344	1117	1095.8063559094444	0.00021796924099672598	0.00022218491513610367	1.8973718970953974
120	201000	30	10000	6029008	14066	14176.452271317132	0.0023513739360301283	0.0023330537959146843	0.7852429355689824
121	201000	30	30000	6019297	4675	4714.877854329534	0.0007832937724005866	0.0007766687704560848	0.8530022316477912
122	201000	30	50000	6025452	2895	2839.748202903196	0.00047129214586776166	0.00048046188070206185	1.9085249428947748
123	201000	30	70000	6043977	2052	2037.8909132340923	0.0003371771456499739	0.00033951155009358903	0.6875773277732826
124	201000	30	90000	6044868	1556	1585.8998954854906	0.0002623547603496868	0.00025740843307082967	1.9215871134634097
125	201000	35	10000	7039579	19192	19262.330641346052	0.0027362901448149176	0.0027262993994385176	0.36645811455842336
126	201000	35	30000	7029732	6501	6439.502844883129	0.0009160381711398285	0.0009247863218683159	0.9459645457140573
127	201000	35	50000	7027470	3885	3859.8649681061506	0.0005492538521126594	0.000552830535028965	0.6469763679240648
128	201000	35	70000	7029677	2632	2761.21596354153	0.00039279414453061357	0.0003744126508230748	4.909421107200986
129	201000	35	90000	7028711	2139	2147.1463287808	0.00030548223262854315	0.00030432322512620024	0.38084753533427507
130	201000	40	10000	8030829	25235	25104.834100193344	0.0031260576087715655	0.0031422658856265027	0.5158149388018952
131	201000	40	30000	8052590	8359	8452.250810115598	0.0010496313372611295	0.0010380511115057392	1.1155737542241662
132	201000	40	50000	8020763	4917	5022.617016488686	0.0006262018983092613	0.0006130339470197537	2.147997081323684
133	201000	40	70000	8052030	3647	3616.319177698344	0.00044911893990687366	0.00045292926131671146	0.8412619221731898
134	201000	40	90000	8032515	2775	2802.823836699128	0.00034893477779987064	0.0003454708768050853	1.002660781950563
135	201000	45	10000	9056374	31888	31979.732937749475	0.003531185100985171	0.0035210559987915693	0.28767228345921714
136	201000	45	30000	9050067	10595	10680.175309294835	0.0011801211316219908	0.0011707095649126135	0.8039198612065519
137	201000	45	50000	9041718	6469	6383.7580897808075	0.000706033752632056	0.0007154613758137558	1.3176984111793564
138	201000	45	70000	9023811	4515	4543.512697687373	0.0005035026440256087	0.0005003429260652733	0.6315104692662857
139	201000	45	90000	9064782	3621	3570.416455546394	0.0003938778070500089	0.00039945803440170983	1.3969495844685507
140	201000	50	10000	10044959	39086	39277.908553469926	0.003910210937990879	0.003891105976639626	0.4909905169879829
141	201000	50	30000	10033174	12823	13102.676902890205	0.0013059353802585508	0.001278060163214552	2.1810567175403994
142	201000	50	50000	10062866	7924	7910.438352404162	0.0007861019268669743	0.0007874496192237878	0.17114648657039178
143	201000	50	70000	10050442	5595	5651.777168896049	0.0005623411556323641	0.0005566919345437743	1.0147840732091016
144	201000	50	90000	10053854	4232	4380.836182912812	0.00043573700025013407	0.00042093310684638945	3.5169230366921425
145	201000	55	10000	11082641	47949	47871.102620560676	0.004319467049465978	0.004326495823513547	0.16245881966115244
146	201000	55	30000	11067695	16108	15913.317593414336	0.0014378167805865934	0.0014554069298078778	1.2086069442864664
147	201000	55	50000	11014849	9538	9507.943270288408	0.000863193246706188	0.0008659219931203778	0.31512612404688795
148	201000	55	70000	11057883	6710	6834.4772260878235	0.0006180638035406798	0.0006068069267869808	1.8551002397589187
149	201000	55	90000	11070445	5291	5317.622866546735	0.0004803440933536759	0.0004779392336983744	0.5031726809059672
150	201000	60	10000	12079445	56034	56707.698037050664	0.004694561549562141	0.004638789282123475	1.202302239802021
151	201000	60	30000	12082883	18946	19047.666191546246	0.001576417332812562	0.0015680032654458377	0.5366103216839767
152	201000	60	50000	12075779	11429	11384.156523345038	0.0009427264711738297	0.0009464399770813957	0.3923657070168966
153	201000	60	70000	12019678	8065	8077.252262117341	0.0006720023832682823	0.0006709830329897356	0.15191893511893312
154	201000	60	90000	12061175	6485	6317.391254447401	0.000523779089056199	0.0005376756410548723	2.584560455706999
155	201000	65	10000	13098580	66293	66827.72329195403	0.005101905954077009	0.005061082957083898	0.8066059643612752
156	201000	65	30000	13066086	22131	22179.61514482461	0.0016974949609871394	0.001693774248845446	0.2196698966364322
157	201000	65	50000	13038850	13135	13279.772847158834	0.0010184773079802924	0.0010073741165823674	1.102191451532809
158	201000	65	70000	13048135	9373	9511.257600199431	0.0007289361736523597	0.000718340207240345	1.475062415442572
159	201000	65	90000	13041263	7230	7382.040060054511	0.0005660525410809145	0.0005543941564555519	2.102905394944814
160	201000	70	10000	14063574	76523	76785.1762426272	0.005459862211599072	0.005441219991447409	0.34261103541052895
161	201000	70	30000	14041970	25751	25573.26637343131	0.0018212021798530626	0.0018338594940738371	0.6902008720775472
162	201000	70	50000	14107669	15654	15566.315528340638	0.0011033938723924298	0.0011096092487001218	0.5601409969296076
163	201000	70	70000	14099199	11193	11105.366816228256	0.0007876594135757823	0.0007938748860839541	0.7829284711135911
164	201000	70	90000	14062641	8506	8587.264102071524	0.0006106437689813402	0.0006048650463309133	0.9553738781039538
165	201000	75	10000	15059388	88388	88367.08965200931	0.005867907092373828	0.005869295618122065	0.023657451227196636
166	201000	75	30000	15107632	29601	29708.812798637897	0.0019664771288205787	0.001959340815291238	0.36422012309684865
167	201000	75	50000	15075192	17805	17723.4392622523	0.0011756692228034177	0.001181079484758801	0.45807771832462446
168	201000	75	70000	15074558	12592	12649.086812116206	0.0008391016713137597	0.000835314707071345	0.45335778364203744
169	201000	75	90000	15064836	9732	9846.072564076632	0.000653579804259179	0.0006460076963333687	1.172138965029101
170	201000	80	10000	16074491	100485	100448.23674727976	0.006248921769733161	0.006251208825212568	0.03658581153428372
171	201000	80	30000	16113189	33753	33800.37248728424	0.0020976836110644667	0.0020947436289613435	0.14035044969111363
172	201000	80	50000	16118720	20357	20275.481917420402	0.0012578841196708177	0.0012629414742609834	0.40044251402267833
173	201000	80	70000	16082146	14423	14392.10824961774	0.0008949121746325236	0.0008968330470324048	0.2141839449647034
174	201000	80	90000	16079239	11103	11203.71483211033	0.00069678141061964	0.0006905177539807698	0.9070956688312198
175	201000	85	10000	17098754	113177	113495.11172842607	0.006637624690572545	0.006619020309900944	0.28107453672218186
176	201000	85	30000	17045553	37673	37813.7344000265	0.002218392938030611	0.002210136567584519	0.37356833813738327
177	201000	85	50000	17086036	22864	22781.74321364239	0.001333354513220175	0.0013381687829757587	0.3597655106613611
178	201000	85	70000	17080015	16535	16329.790716480464	0.0009560759001956651	0.0009680904846980521	1.2410600757153765
179	201000	85	90000	17107112	12636	12684.100897211581	0.0007414519117669646	0.0007386401632256806	0.3806655366538613
180	201000	90	10000	18075537	126550	126858.2384248972	0.00701822791903207	0.007001175124147072	0.24357046613764888
181	201000	90	30000	18097182	42675	42502.23996818438	0.002348555701555324	0.002358101940954122	0.4048272567442772
182	201000	90	50000	18110326	25621	25578.193184822798	0.0014123541003526275	0.001414717769299128	0.16707706637993508
183	201000	90	70000	18103870	18351	18292.388382717967	0.0010104131538018095	0.0010136506724805249	0.31939195292918154
184	201000	90	90000	18136313	14156	14251.781187143177	0.0007858146905130705	0.0007805335075547053	0.6766119464762371
185	201000	95	10000	19115527	141760	141976.43988025934	0.007427283583667839	0.007415960857370032	0.1526805024402773
186	201000	95	30000	19044266	47062	47207.648449439555	0.0024788379058263287	0.002471190015934455	0.3094820650196626
187	201000	95	50000	19099007	28734	28480.053874153644	0.001491179822812445	0.0015044761227638694	0.8837827168036322
188	201000	95	70000	19046984	20172	20279.447297308594	0.0010647064804227585	0.00105906530923741	0.5326556479704212
189	201000	95	90000	19069264	15971	15783.259701583534	0.0008276805912165008	0.0008375257692168926	1.1755074723966208
190	401000	5	10000	2000771	806	782.814839883009	0.00039125659052585677	0.0004028447033668521	2.8765707341179962
191	401000	5	30000	2003363	260	261.6410870656837	0.00013060093805550152	0.00012978177195046528	0.631187332955276
192	401000	5	50000	2003765	154	157.14149692398496	7.842311694434476e-05	7.685531986036287e-05	2.0399330675227056
193	401000	5	70000	2001596	126	111.99737666896544	5.595403701294639e-05	6.294976608666284e-05	11.113193119868688
194	401000	5	90000	2004301	82	87.6749844129663	4.374342197752049e-05	4.0912018703777524e-05	6.920712698739391
195	401000	10	10000	3998602	3130	3131.2301245038398	0.000783081218011655	0.0007827735793659884	0.03930110235909503
196	401000	10	30000	4006071	1046	1049.0646490971558	0.00026186871103811083	0.0002611037098443837	0.29298748538773517
197	401000	10	50000	4018450	626	631.5246212338097	0.00015715627200383475	0.00015578145802486033	0.8825273536437337
198	401000	10	70000	4013103	456	450.7756330706179	0.0001123259565155985	0.00011362778378725889	1.1456945020574827
199	401000	10	90000	4008419	346	350.041518162936	8.732657892374424e-05	8.631832151279594e-05	1.1680688332184872
200	401000	15	10000	6022904	7079	7087.398782831617	0.001176741117379858	0.0011753466434132106	0.11864363372816444
201	401000	15	30000	6012951	2292	2362.8676614649594	0.00039296306613257936	0.0003811772289513086	3.0919573064990913
202	401000	15	50000	6021717	1401	1420.2872301945463	0.000235860840055178	0.00023265789474995253	1.3766759596392801
203	401000	15	70000	6010599	981	1009.6241833018139	0.00016797397119684975	0.00016321168655569936	2.9178576250574824
204	401000	15	90000	6014319	764	785.4502786025405	0.00013059671071696403	0.0001270301758187419	2.807628089337757
205	401000	20	10000	8024254	12613	12601.322874892503	0.0015704042861669763	0.0015718595149156545	0.09258007696421408
206	401000	20	30000	8013160	4203	4187.425018426962	0.0005225685021173872	0.0005245121774680651	0.370568203022549
207	401000	20	50000	8028840	2510	2526.7255211891606	0.00031470617438996925	0.000312622994106247	0.6663554258629701
208	401000	20	70000	8016841	1823	1795.96837499924	0.00022402444741005092	0.00022739630235899653	1.482809928730664
209	401000	20	90000	7999791	1400	1391.7698180489242	0.00017397577237316877	0.00017500457199444335	0.5878701393625569
210	401000	25	10000	10029218	19733	19674.129467008635	0.0019616813062602323	0.0019675512088779008	0.29833544312252425
211	401000	25	30000	10017104	6575	6545.796142030507	0.0006534619329129963	0.0006563773322109863	0.44416514022042297
212	401000	25	50000	10050520	3936	3954.8252278491855	0.00039349458812570746	0.0003916215280403402	0.47828322787563843
213	401000	25	70000	10015249	2864	2804.199077291414	0.0002799929464850464	0.00028596393359765695	2.088021044294198
214	401000	25	90000	10029652	2140	2187.248946554959	0.00021807824903146778	0.00021336732321320818	2.207894698829859
215	401000	30	10000	12034931	28554	28298.682292947546	0.002351378856509235	0.0023725935778111233	0.8941574107041255
216	401000	30	30000	12038708	9623	9450.496123058721	0.0007850091656894345	0.0007993382678606376	1.7926205647020594
217	401000	30	50000	12050092	5715	5680.958072891459	0.0004714452033139215	0.0004742702379367726	0.5956592669910966
218	401000	30	70000	12053959	4077	4063.5398508217186	0.00033711246660302383	0.000338229124555675	0.3301483732715575
219	401000	30	90000	12035469	3173	3149.076394410804	0.00026164966187946674	0.0002636374203614334	0.7539743330979056
220	401000	35	10000	14016171	38314	38383.094152249396	0.0027384864348650854	0.002733556832318898	0.18033656691913275
221	401000	35	30000	14044081	12814	12902.21186864376	0.0009186939229874679	0.0009124128520762591	0.6884022837814882
222	401000	35	50000	14033657	7621	7716.883508820087	0.000549884004491494	0.0005430516080021053	1.258148652671381
223	401000	35	70000	14063041	5523	5529.336405206472	0.0003931821293279648	0.0003927315578472679	0.11472759743746432
224	401000	35	90000	14031909	4366	4281.780439596623	0.0003051459669241458	0.0003111479699590412	1.9289867247681285
225	401000	40	10000	16083326	50155	50559.05035326071	0.0031435693309493765	0.0031184470177375	0.8056033361792744
226	401000	40	30000	16027506	16736	16725.965024914593	0.0010435787717012611	0.0010442048812834635	0.05996041518526345
227	401000	40	50000	16026604	9998	10063.203970775008	0.0006279061971441366	0.0006238377138413104	0.6521701417784361
228	401000	40	70000	16055835	7017	7205.165504883975	0.000448756822979557	0.0004370373761314812	2.6815662659822546
229	401000	40	90000	16014440	5665	5573.560402583331	0.00034803342499539985	0.0003537432467198354	1.6141146940276994
230	401000	45	10000	18048999	63557	63666.74583833665	0.003527439158168087	0.0035213587191178855	0.1726730939733581
231	401000	45	30000	18021883	21241	21173.458290036768	0.001174874916790702	0.00117862267777457	0.3179780140447015
232	401000	45	50000	18055089	12739	12767.669270917773	0.0007071507247024799	0.0007055628471285852	0.22505118861584533
233	401000	45	70000	18029769	9058	9104.337994527072	0.000504961433201228	0.0005023913506601222	0.5115698225554292
234	401000	45	90000	18039433	7113	7077.537115834653	0.0003923370050397179	0.00039430285863197587	0.49856437741243687
235	401000	50	10000	20081264	78848	78874.11721730977	0.003927746640714935	0.003926446064351327	0.03312350003775822
236	401000	50	30000	20019129	26012	26159.07634693384	0.0013067040202864892	0.0012993572297775792	0.5654172956091178
237	401000	50	50000	20045421	15814	15749.148110773414	0.0007856731026389226	0.000788908349692431	0.4100916227809852
238	401000	50	70000	19989404	11216	11156.945572085679	0.0005581429827565483	0.0005610972693332927	0.5265195070820383
239	401000	50	90000	20018784	8639	8715.003467012197	0.00043534130080089765	0.0004315446932241239	0.8797715825002566
240	401000	55	10000	22054762	94713	94898.01246812567	0.0043028354814314326	0.004294446704979179	0.19534009916871292
241	401000	55	30000	22062898	32016	31728.253413189203	0.0014380818609227674	0.0014511239638600514	0.89875870443152
242	401000	55	50000	22027862	18973	18993.44554914534	0.0008622464381311877	0.0008613182704703706	0.10776128785822514
243	401000	55	70000	22034269	13510	13550.93012265116	0.0006149934051658877	0.0006131358385431348	0.3029616776547687
244	401000	55	90000	22059586	10648	10584.20114229247	0.0004798005339852013	0.0004826926489010265	0.5991628259535063
245	401000	60	10000	24092688	113255	113256.1556639187	0.004700851796359074	0.004700803828945944	0.001020408740196453
246	401000	60	30000	24052080	37856	37687.66784315556	0.0015669192786301877	0.0015739179314221473	0.4446644041748633
247	401000	60	50000	24013601	22767	22585.853008832783	0.0009405441944684924	0.0009480877107935624	0.7956559545272407
248	401000	60	70000	24031034	16124	16178.946150414646	0.0006732521850876099	0.0006709657187451859	0.3407724535763237
249	401000	60	90000	24083996	12505	12630.22058698535	0.000524423795244998	0.0005192244675675914	1.001364150222707
250	401000	65	10000	26007669	132698	132130.9267730564	0.005080460181689347	0.005102264259053743	0.4273412010306215
251	401000	65	30000	26074334	44407	44304.39342505857	0.001699157241180487	0.0017030923972976644	0.23105946121428272
252	401000	65	50000	26022504	26746	26539.313390806317	0.0010198600945860673	0.0010278027049203259	0.7727757765411062
253	401000	65	70000	26094442	19158	19060.606860913336	0.0007304469994381691	0.0007341793321351727	0.5083679877161742
254	401000	65	90000	26052703	14966	14755.141552709043	0.0005663574160696125	0.0005744509504445662	1.4089165260654615
255	401000	70	10000	28152127	154196	154300.65624169633	0.005480959084963503	0.005477241559758522	0.06787221568413719
256	401000	70	30000	28016592	51081	51152.45653387532	0.0018257915357397971	0.0018232410280308183	0.1398886746056557
257	401000	70	50000	28085657	30817	30862.27528982982	0.0010988625008782889	0.001097250457769245	0.14691660391933267
258	401000	70	70000	28038882	21678	21953.592783447355	0.0007829696199530122	0.0007731406694460927	1.271301704250191
259	401000	70	90000	28117449	17380	17197.036724627018	0.0006116144008877554	0.0006181215088182431	1.052723103411869
260	401000	75	10000	30095000	176949	176352.08619992435	0.005859846692139038	0.005879681010134574	0.3373366337620756
261	401000	75	30000	30098426	58737	58974.70637173951	0.00195939503187773	0.0019514973972393108	0.4046961399790579
262	401000	75	50000	30025374	35227	35284.55761115253	0.0011751579717592371	0.001173241006090382	0.16339061274741565
263	401000	75	70000	30125618	25208	25349.361682806164	0.000841455324926651	0.0008367629171955909	0.5607810330298463
264	401000	75	90000	30047258	19621	19673.979319356382	0.0006547678766347459	0.0006530046768327413	0.27001334975985314
265	401000	80	10000	32057524	199835	200179.74354752898	0.006244391910851536	0.006233638006478604	0.17251409789525107
266	401000	80	30000	32054753	66984	66903.51300904527	0.0020871635794244077	0.0020896745016253907	0.12015853182062114
267	401000	80	50000	32089711	40543	40253.57978666946	0.0012544076756150738	0.001263426772525312	0.7138598853822747
268	401000	80	70000	32099403	28561	28796.918509542942	0.0008971169497932077	0.0008897673268253619	0.8260162793422496
269	401000	80	90000	32065008	22404	22348.486810851842	0.0006969743095293113	0.0006987055796150121	0.2477824903952735
270	401000	85	10000	34091377	225916	226191.50586751103	0.0066348597731183175	0.006626778378591161	0.12195057787453503
271	401000	85	30000	34087746	76053	75756.10059706122	0.0022223851526311307	0.0022310950099194	0.39038486705163117
272	401000	85	50000	34067053	45049	45343.53947598487	0.0013310085693642145	0.001322362694536566	0.6538202312701017
273	401000	85	70000	34116462	32354	32520.22993057221	0.0009532122624723575	0.0009483398366454295	0.5137847888119204
274	401000	85	90000	34116962	25117	25277.440761983395	0.0007409053819617173	0.0007362027134772434	0.6387735875438723
275	401000	90	10000	36137338	252518	253848.55996907502	0.007024550617676239	0.006987731083014471	0.526916880806533
276	401000	90	30000	36134093	85107	85085.77241697162	0.0023547227937054244	0.002355310260589632	0.024942229227188372
277	401000	90	50000	35991484	50901	50702.47832091898	0.0014087354197709373	0.0014142512156486795	0.39001528276659275
278	401000	90	70000	36089271	36373	36397.8274698481	0.0010085498116558823	0.0010078618656497661	0.06825796565610445
279	401000	90	90000	36065249	28160	28302.16884613782	0.0007847490210351195	0.0007808070311673157	0.5048609592962339
280	401000	95	10000	38051448	281816	281720.46681915224	0.007403672701736665	0.007406183333680232	0.03389913306830324
281	401000	95	30000	38123359	94355	94601.68264115602	0.002481462418911094	0.0024749917760394616	0.26144098474488164
282	401000	95	50000	38130389	56895	56897.00942592323	0.0014921696557022596	0.0014921169568975548	0.003531814611528907
283	401000	95	70000	38088869	40282	40510.89827057719	0.0010635888997013062	0.0010575793153637615	0.5682395873521447
284	401000	95	90000	38115345	31762	31610.602042496204	0.0008293405724779929	0.0008333126723633225	0.47666380424342847
285	601000	5	10000	3004613	1207	1178.1181192398071	0.0003921031158554553	0.00040171562860175336	2.3928650174144828
286	601000	5	30000	3007525	430	393.62710986379534	0.00013088074408817727	0.0001429747051146707	8.458811659582478
287	601000	5	50000	3006480	237	236.56702376669273	7.868571344785022e-05	7.882972778797797e-05	0.1826903938005382
288	601000	5	70000	3005230	150	168.22202020604163	5.597642117443312e-05	4.9912985029432024e-05	12.148013470694428
289	601000	5	90000	3006025	127	131.15085352631286	4.3629328939816824e-05	4.2248484294042795e-05	3.2683886033959637
290	601000	10	10000	5996106	4677	4688.428538467735	0.000781912217440408	0.0007800062240394016	0.24435617848481456
291	601000	10	30000	6005061	1567	1571.2710714200512	0.00026165780354605076	0.00026094655824478717	0.27256358775055967
292	601000	10	50000	6007474	944	943.8923781886697	0.00015711967761969	0.00015713759227255916	0.01140061560703661
293	601000	10	70000	6009181	675	674.1931425184011	0.00011219384846593923	0.00011232811925618483	0.119534441718344
294	601000	10	90000	5997895	518	522.3548031421378	8.70896878225007e-05	8.63636325744282e-05	0.8406955872852999
295	601000	15	10000	8997246	10479	10568.205382782966	0.0011746044714997196	0.0011646897283902208	0.8512776293822487
296	601000	15	30000	9017273	3557	3546.5458340551704	0.00039330580698346057	0.0003944651559290708	0.2939040186907403
297	601000	15	50000	9020286	2097	2126.3621700610965	0.0002357311253835074	0.00023247599909803304	1.4001988584213854
298	601000	15	70000	9010107	1554	1515.0761202070862	0.00016815295536524552	0.00017247297951067617	2.504754169428167
299	601000	15	90000	9027512	1183	1182.7691413145512	0.00013101828513931095	0.0001310438579311775	0.01951468177927201
300	601000	20	10000	12014819	18924	18877.960876720026	0.0015712230768287084	0.0015750549384056472	0.24328431240739173
301	601000	20	30000	12035793	6400	6306.443499870598	0.0005239740746513835	0.0005317472641810972	1.4618203145219044
302	601000	20	50000	11995093	3628	3763.3966594152153	0.00031374468371485033	0.0003024570130469184	3.731991714862605
303	601000	20	70000	12037483	2675	2705.5244101695716	0.0002247583161836716	0.00022222253605674874	1.1410994455914627
304	601000	20	90000	12028687	2070	2101.9167020451277	0.00017474198988178243	0.0001720886078422358	1.541869664015842
305	601000	25	10000	15012184	29308	29381.92212086916	0.0019572050356476555	0.0019522808939725226	0.25222506097025826
306	601000	25	30000	15025027	9894	9828.10895878449	0.0006541158933547667	0.0006585013125101206	0.6659696908783991
307	601000	25	50000	15028275	5902	5898.297209721059	0.0003924799892017586	0.0003927263774451825	0.06273789018877822
308	601000	25	70000	15039400	4274	4225.827624572441	0.0002809837908807825	0.00028418686915701423	1.127102841075318
309	601000	25	90000	15000959	3293	3265.716321365908	0.00021770050310556196	0.00021951929873283434	0.828535640270032
310	601000	30	10000	18017262	42333	42318.96991549805	0.002348801383667399	0.0023495800860308296	0.03314219285652146
311	601000	30	30000	18019697	14009	14154.852789320052	0.0007855211321988406	0.000777427056625869	1.0411363360700299
312	601000	30	50000	18010933	8415	8475.468220621347	0.00047057352445991263	0.0004672162180604414	0.7185765968074569
313	601000	30	70000	18016497	5949	6047.223298434168	0.0003356492273961008	0.00033019737410663126	1.651089232378012
314	601000	30	90000	18043047	4750	4724.344763509929	0.0002618374137976767	0.0002632593042627445	0.5401102418962234
315	601000	35	10000	21024715	57106	57628.259511329234	0.002740976965030405	0.002716136699118157	0.9145440257227377
316	601000	35	30000	21039860	19585	19275.147593352944	0.0009161252780842146	0.0009308522014880327	1.582090409226736
317	601000	35	50000	21028031	11509	11546.610275544226	0.0005491056331210576	0.0005473170550300216	0.3267901255037327
318	601000	35	70000	21024687	8328	8248.29411900416	0.0003923147164570945	0.00039610577793619474	0.9570831051373639
319	601000	35	90000	21034715	6424	6414.112391974777	0.0003049298453520657	0.00030539990677316045	0.15391668781480347
320	601000	40	10000	24065691	75539	75418.23545153067	0.0031338487414107772	0.0031388668623726617	0.15987046223716808
321	601000	40	30000	24061684	24935	25217.86397926137	0.001048050667578436	0.0010362948827688037	1.1344053710101092
322	601000	40	50000	24062896	15195	15104.982192639261	0.0006277291890651591	0.0006314701272864248	0.5924172909558456
323	601000	40	70000	24029542	10752	10789.541401226074	0.0004490115292761749	0.0004474492272886433	0.34915737747464476
324	601000	40	90000	24000967	8209	8366.738465189934	0.00034860005703894905	0.0003420278857931016	1.9215308221456187
325	601000	45	10000	27075592	94950	95403.16416928172	0.003523585529331426	0.0035068485298493197	0.4772661077216652
326	601000	45	30000	27052693	31899	31848.140621609986	0.0011772632255727734	0.001179143237237047	0.15943878613753715
327	601000	45	50000	27027704	19089	19050.262117892504	0.0007048420434785176	0.0007062753092160548	0.20293300910209106
328	601000	45	70000	27028249	13814	13619.029398232698	0.000503881305749133	0.000511094891866654	1.4113985939431073
329	601000	45	90000	27014468	10560	10587.463499933481	0.0003919182676458215	0.0003909016457403492	0.26007102209736044
330	601000	50	10000	30074818	118079	117789.69882017747	0.003916555665280417	0.003926175047842351	0.2450064616253048
331	601000	50	30000	30038147	39111	39261.995431125164	0.0013070711529284801	0.0013020443637884853	0.38606896045912825
332	601000	50	50000	30121887	23654	23694.35048738867	0.0007866157418155333	0.000785276168123199	0.17058631685409753
333	601000	50	70000	30096768	17000	16879.755283582956	0.0005608494335200031	0.0005648447035907643	0.7073218612767327
334	601000	50	90000	30040683	13222	13089.606009237468	0.0004357293077936167	0.00044013646427413117	1.001315918639623
335	601000	55	10000	33058949	142660	142352.81472545862	0.004306029654041894	0.004315321700033477	0.2153268432226271
336	601000	55	30000	33066442	47656	47509.39931087196	0.001436785950870431	0.0014412194695758317	0.307622731928912
337	601000	55	50000	33071829	28838	28587.62395169586	0.0008644101283813441	0.0008719808027551183	0.8682157164302047
338	601000	55	70000	33068132	20546	20392.130946327	0.0006166701810167868	0.0006213232728114185	0.7489002904360946
339	601000	55	90000	33071375	15881	15872.397139620036	0.00047994367151713637	0.00048020380162602853	0.05417077249520614
340	601000	60	10000	36058177	169997	169267.79134017974	0.0046942969784684275	0.004714520093458968	0.42895384025615474
341	601000	60	30000	36021532	56388	56374.78792132437	0.0015650302691546927	0.0015653970519632536	0.023430656656784503
342	601000	60	50000	36056909	33633	33991.16779920459	0.0009427088661206258	0.000932775463365426	1.064929679792431
343	601000	60	70000	36082747	24344	24296.166444040835	0.0006733458082900627	0.0006746714711050131	0.19649012470902175
344	601000	60	90000	36094730	18844	18897.576867237687	0.0005235550139102769	0.0005220706734750475	0.2843179114714969
345	601000	65	10000	39099443	199021	199082.64234744757	0.005091700215459529	0.005090123662375446	0.03097278550884542
346	601000	65	30000	39023809	66368	66218.20602847636	0.0016968668032501994	0.0017007053309429636	0.22570210270558222
347	601000	65	50000	39072478	39527	39871.30906563252	0.0010204448529123882	0.0010116327917568985	0.871073103530565
348	601000	65	70000	39057987	28524	28477.28464666754	0.0007291027222336763	0.0007302987734621346	0.16377560416651923
349	601000	65	90000	39083519	22312	22192.387161627412	0.000567819575346514	0.0005708800172266985	0.5360919611535799
350	601000	70	10000	41996748	228992	229443.43246233463	0.005463361888457045	0.005452612664199619	0.19713896657289634
351	601000	70	30000	42099192	76759	77019.80047107488	0.0018294840544938458	0.0018232891500625475	0.3397653318501749
352	601000	70	50000	42062374	46386	46152.43092048913	0.0010972379000883101	0.0011027908220301594	0.5035335651077282
353	601000	70	70000	42091673	32984	33027.59255447239	0.0007846585844775613	0.0007836229270335726	0.13216272881514912
354	601000	70	90000	42114816	25958	25761.041488416493	0.0006116859560401853	0.0006163626596397809	0.7587584235438238
355	601000	75	10000	45097010	264312	264304.9184383154	0.005860808032246825	0.005860965061763518	0.0026792433505041548
356	601000	75	30000	45078409	88358	88334.09565741569	0.001959565513002371	0.0019600957966373657	0.027053965214580093
357	601000	75	50000	45064727	53145	53009.04962555319	0.001176286935579421	0.001179303715742026	0.2558102821466065
358	601000	75	70000	45083868	38036	37887.24328029156	0.0008403725093040277	0.0008436720646950701	0.3910945412463046
359	601000	75	90000	45074492	29760	29514.27752789855	0.0006547889109409941	0.0006602403860702412	0.8256803498032511
360	601000	80	10000	48092003	300337	300523.2064365223	0.006248922641806421	0.006245050762389747	0.06199916644380192
361	601000	80	30000	48089759	100250	100560.79125057906	0.0020911061594336344	0.0020846434268884566	0.3100162100539211
362	601000	80	50000	47984018	59918	60000.65653756261	0.001250430018960951	0.001248707434212783	0.1379494268210091
363	601000	80	70000	48042782	43281	43063.83473908901	0.0008963643016986196	0.0009008845491087506	0.5017565696517772
364	601000	80	90000	48022626	33344	33462.47261317074	0.0006968063889961107	0.0006943393724449804	0.3553041421867192
365	601000	85	10000	51102069	337989	338736.72907774895	0.00662863041959708	0.006613998349068802	0.22122882039029046
366	601000	85	30000	51101526	113459	113365.52870383114	0.0022184372479176285	0.0022202663771723765	0.08238332452151624
367	601000	85	50000	51082628	67969	68048.6434610188	0.0013321288689575408	0.0013305697584705314	0.11717615533375891
368	601000	85	70000	51053845	48796	48542.85836464167	0.000950816894685242	0.000955775221239458	0.518775381913131
369	601000	85	90000	51065016	37902	37902.070557415485	0.0007422316397083962	0.0007422302579911069	0.00018615749956666158
370	601000	90	10000	54128049	380282	380669.5946780816	0.0070327603102428755	0.007025599611026069	0.10192296192866916
371	601000	90	30000	54045503	127077	126993.9594861865	0.002349759969597961	0.0023512964621681845	0.06534661174996291
372	601000	90	50000	54037398	76111	76267.42634434998	0.001411382286474082	0.00140848750711498	0.20552396414444826
373	601000	90	70000	54016306	54625	54435.96387522668	0.001007769096154533	0.0010112687083785404	0.3460615556490954
374	601000	90	90000	54061833	42562	42356.327938362956	0.0007834793159596153	0.0007872837016088596	0.4832293163785653
375	601000	95	10000	57054950	422355	422894.03985930234	0.00741204820719854	0.007402600475506507	0.12762719970222552
376	601000	95	30000	57039959	141106	141453.00788017362	0.002479893225031484	0.002473809632296545	0.2459200035247337
377	601000	95	50000	57124647	85655	85167.09367143363	0.0014908992552975185	0.0014994403378982806	0.5696180358022027
378	601000	95	70000	57166256	61155	61003.6798786968	0.0010671274305369377	0.0010697744487587224	0.24743703916802973
379	601000	95	90000	57057608	47273	47280.36831340939	0.0008286426643298715	0.0008285135261891806	0.015586726904133558
380	801000	5	10000	4000948	1559	1569.4676960189827	0.00039227395507739234	0.0003896576511366806	0.6714365631162735
381	801000	5	30000	4006448	507	524.8554188027047	0.00013100267838312256	0.00012654600783536937	3.521778856549243
382	801000	5	50000	4006203	319	314.9160629105754	7.860711574290555e-05	7.962651917538877e-05	1.2802310625155393
383	801000	5	70000	3999217	225	223.96342877624556	5.600181955023835e-05	5.6261013093313016e-05	0.46069832166863833
384	801000	5	90000	4011095	178	175.27922570472583	4.369859744152802e-05	4.437690954714361e-05	1.528524884985491
385	801000	10	10000	8013107	6342	6299.357015535235	0.0007861316485022894	0.0007914533026951967	0.6723901681609066
386	801000	10	30000	8011291	1934	2098.429720338434	0.0002619340279036717	0.00024140928097606242	8.502053792059655
387	801000	10	50000	8005621	1283	1258.145338033326	0.00015715774429408112	0.00016026239563426747	1.9372300831390494
388	801000	10	70000	8021327	917	900.7717899288982	0.0001122971036997866	0.00011432023653941549	1.7697066598802418
389	801000	10	90000	8001743	665	696.9583480330184	8.710081641375115e-05	8.310689308566896e-05	4.805766621506524
390	801000	15	10000	12020742	14071	14152.56455572322	0.0011773453382264772	0.0011705600203381788	0.5796642436445166
391	801000	15	30000	12021823	4584	4724.492289243266	0.000392993000249901	0.00038130656224101783	3.0648405157780565
392	801000	15	50000	12010596	2865	2829.6306111849844	0.00023559452097006548	0.00023853936973652266	1.2345336410127619
393	801000	15	70000	12020127	1997	2023.454091269523	0.00016833882797324213	0.00016613801168656537	1.3246916008774698
394	801000	15	90000	12010737	1546	1570.4686393477023	0.00013075539322422115	0.00012871816275720634	1.582706296746576
395	801000	20	10000	16027182	25253	25184.20980241336	0.001571343596298673	0.0015756356919138998	0.2724040612467514
396	801000	20	30000	15989885	8485	8353.17869852297	0.0005224039258895839	0.0005306479690129104	1.5535804534711917
397	801000	20	50000	16014416	5133	5028.787014242262	0.0003140162597401155	0.0003205237081389668	2.0302549339126963
398	801000	20	70000	16018203	3618	3593.745737729594	0.00022435386402142575	0.00022586803276247654	0.6703776194142085
399	801000	20	90000	16022706	2851	2795.34628784284	0.0001744615602285182	0.0001779349880101401	1.952076890815854
400	801000	25	10000	20051052	39336	39385.300191219896	0.0019642510622993694	0.0019617923289012465	0.12533097218807118
401	801000	25	30000	20021242	12948	13101.99061441049	0.0006544044877141234	0.0006467131259888872	1.1893003893303213
402	801000	25	50000	20013508	7875	7857.11643261835	0.0003925906658951719	0.0003934842407438016	0.22709291913205684
403	801000	25	70000	20028018	5722	5624.562211800367	0.00028083468927381466	0.0002856997632017307	1.70286242921414
404	801000	25	90000	19983681	4325	4350.867427829653	0.0002177210208584521	0.00021642659327878583	0.5980908168705864
405	801000	30	10000	23990502	56271	56300.2325046584	0.0023467717559498506	0.002345553252699756	0.05194950268949032
406	801000	30	30000	24015796	18694	18816.664556179196	0.0007835120083539682	0.0007784043468723669	0.6561707295345857
407	801000	30	50000	24011905	11506	11285.416388440877	0.0004699925469653856	0.0004791789739298069	1.9171181258397558
408	801000	30	70000	24017062	8101	8083.84033581242	0.0003365873950699057	0.00033730187314335116	0.21182155521021567
409	801000	30	90000	24052350	6309	6300.569517772645	0.00026195234635171383	0.0002623028519042838	0.13362628352125241
410	801000	35	10000	28068453	77147	77065.54426496103	0.0027456284913515198	0.0027485305299868147	0.10558509733231564
411	801000	35	30000	28018727	25879	25609.39107431844	0.0009140098004566175	0.0009236322549557659	1.0418058104314751
412	801000	35	50000	27994926	15383	15356.023726798594	0.0005485288200725586	0.0005494924330216125	0.17536418904898904
413	801000	35	70000	28078397	11006	11045.979871217161	0.00039339780939834856	0.00039197394352676187	0.36325523548211897
414	801000	35	90000	28041259	8549	8566.165590610355	0.00030548434328894986	0.0003048721885133617	0.20079062592530866
415	801000	40	10000	32001068	99679	100093.87873921916	0.003127829319297067	0.0031148647913875876	0.4162147886908471
416	801000	40	30000	32080361	33652	33614.04337984696	0.0010478075162510471	0.0010489906893504097	0.11279157302104412
417	801000	40	50000	32064184	20090	20135.284001339227	0.0006279680780692634	0.0006265557857327665	0.2254056811310463
418	801000	40	70000	32088991	14534	14427.574302282184	0.000449611341854974	0.0004529279216040168	0.7322533213005091
419	801000	40	90000	32026764	11367	11170.85170924291	0.00034879739049636455	0.00035492190219405244	1.725594182784284
420	801000	45	10000	36052293	126883	127118.9115902707	0.003525959128044108	0.0035194155334308417	0.1859284461044354
421	801000	45	30000	36065621	42267	42452.42008853704	0.0011770882882770003	0.0011719471016456364	0.43868760152610664
422	801000	45	50000	35994355	25196	25372.60050266236	0.0007049049914260822	0.0006999986525664927	0.7009069005491373
423	801000	45	70000	36024003	18157	18167.007433883846	0.0005043028514594518	0.0005040250524074184	0.05511611986476792
424	801000	45	90000	36068162	14202	14157.67447141558	0.00039252553183651495	0.00039375446966219126	0.3121076509253694
425	801000	50	10000	40027598	157172	156573.61491590738	0.003911641535820046	0.003926590848643978	0.38071990182258353
426	801000	50	30000	40088773	52495	52476.62823559344	0.0013090105859711256	0.0013094688630155879	0.034997170028688296
427	801000	50	50000	40116539	31518	31514.036488845944	0.0007855621964009893	0.0007856609963287212	0.012575389155578855
428	801000	50	70000	40016170	22477	22420.22181778401	0.0005602790526375715	0.000561697933610338	0.2526056956710875
429	801000	50	90000	40071938	17270	17472.706131234765	0.00043603346888874614	0.00043097491316741406	1.1737471409077254
430	801000	55	10000	44098297	189503	189773.14397013187	0.0043034120789320245	0.004297286128759122	0.14255392797572775
431	801000	55	30000	44043258	63055	63260.18168845773	0.0014363193042725797	0.0014316606641588594	0.32540113941437415
432	801000	55	50000	44050749	38125	38025.18489257991	0.0008632131293063805	0.0008654790410033663	0.2618101178231754
433	801000	55	70000	44080422	27176	27241.20260759443	0.0006179886981933709	0.0006165095243416681	0.2399271695408736
434	801000	55	90000	44108889	20945	21184.824747517705	0.00048028470514226065	0.0004748475981791335	1.1450214729897508
435	801000	60	10000	47954747	225147	224814.40360523015	0.004688053168234422	0.004694988798502054	0.14772410681458417
436	801000	60	30000	48080832	75109	75563.2870817855	0.0015715885923476844	0.0015621401892546285	0.6048370791589575
437	801000	60	50000	48041212	45225	45240.76137616485	0.0009417073277869188	0.0009413792474677783	0.03485102524014826
438	801000	60	70000	48038979	32509	32273.292287401855	0.0006718147004623444	0.0006767212933480539	0.7250537161959612
439	801000	60	90000	48085658	25303	25176.00032956153	0.0005235656820909373	0.0005262067953816916	0.5019154663022857
440	801000	65	10000	52066961	265154	264915.0440804213	0.005087968243055732	0.005092557639382871	0.09011967369101694
441	801000	65	30000	51982045	87540	88210.10126504302	0.0016969340329924115	0.0016840430190847627	0.7654800834396003
442	801000	65	50000	52064597	53132	53072.06289655715	0.0010193503062466257	0.0010205015127649985	0.11280791884899757
443	801000	65	70000	52043167	37646	37842.40359518677	0.0007271349108171447	0.0007233610514133392	0.5217117228570621
444	801000	65	90000	52047557	29176	29475.9127426818	0.0005663265375295482	0.0005605642547257309	1.0279433187613205
445	801000	70	10000	56011040	306137	306426.5641745478	0.005470824397735657	0.005465654628087606	0.09458646767551186
446	801000	70	30000	56058717	102002	102484.71485081315	0.0018281673276756075	0.0018195564482861783	0.4732405745114231
447	801000	70	50000	56057060	61472	61554.78564373404	0.0010980737420716326	0.0010965969317691651	0.13467211695412568
448	801000	70	70000	56076749	43966	44028.931601151824	0.000785154852702888	0.0007840326121615931	0.1431369720962185
449	801000	70	90000	56092531	34612	34241.26746915281	0.0006104425466048734	0.0006170518495590794	1.0711098198520455
450	801000	75	10000	60154921	352058	352615.9455699101	0.0058617971681803075	0.005852522023925524	0.15848115080757405
451	801000	75	30000	59969737	116891	117203.2498422414	0.001954373250665438	0.0019491664604098563	0.267129070879203
452	801000	75	50000	60105207	70700	70713.96636008471	0.0011765031665240703	0.0011762708012967994	0.019754398988289446
453	801000	75	70000	60112107	50700	50537.5701495111	0.0008407219888251647	0.0008434241042324468	0.3203744585579794
454	801000	75	90000	60084275	39640	39346.82691201568	0.0006548606421899187	0.0006597400068487138	0.7395890211511726
455	801000	80	10000	64149350	400802	401054.981492579	0.006251894703415997	0.006247951070431735	0.06311881991082714
456	801000	80	30000	64065723	133421	133780.32562871277	0.0020881731972136296	0.002082564493965049	0.2693171455114059
457	801000	80	50000	64098784	80236	80483.83668778092	0.0012556218958503318	0.0012517554155161508	0.30888465000861975
458	801000	80	70000	64131051	57958	57585.710878908634	0.0008979380499924854	0.0009037431805070527	0.6423429398726127
459	801000	80	90000	64189110	45029	44867.57791240513	0.0006989904971794301	0.0007015052864886271	0.3584847267202705
460	801000	85	10000	68119525	452215	452136.30410784483	0.006637396607035132	0.006638551868939192	0.017402317958310327
461	801000	85	30000	68173595	151007	151669.00233127177	0.0022247470201809333	0.002215036481499912	0.4383918171156148
462	801000	85	50000	68121108	90961	90910.88962695003	0.0013345480174360937	0.0013352836245705223	0.05508995399125336
463	801000	85	70000	67999787	64613	64655.617834061384	0.0009508208876310361	0.0009501941528140375	0.06595860594831912
464	801000	85	90000	68074014	50727	50463.36560678482	0.0007413014547193415	0.0007451742158175071	0.5197121714573766
465	801000	90	10000	72057025	506615	505826.4310094863	0.007019807312465181	0.007030750992009453	0.15565448921047406
466	801000	90	30000	72116276	169747	169567.94934533536	0.0023513131674372007	0.0023537959724930888	0.10548089489924531
467	801000	90	50000	72010649	101426	101534.68658734858	0.001409995438137887	0.0014084861254340312	0.10715850703822602
468	801000	90	70000	72021300	72496	72637.75505460799	0.0010085593436192902	0.0010065911056867899	0.19553500139039792
469	801000	90	90000	72041650	56387	56498.766538754106	0.0007842514231524973	0.0007827000075650683	0.1982133093693762
470	801000	95	10000	76153698	565322	565001.4735645801	0.007419225702796206	0.007423434643974873	0.05669802969280153
471	801000	95	30000	76182776	189234	189397.6087898016	0.00248609487254444	0.002483947290132877	0.08645845345002295
472	801000	95	50000	76120908	113579	113423.2959458977	0.001490041289916007	0.001492086773321201	0.13708877002112396
473	801000	95	70000	76111762	80976	81053.40199527144	0.0010649261016355323	0.0010639091498105115	0.09558634073238334
474	801000	95	90000	76168445	62617	63227.23861545324	0.0008300975373129023	0.0008220858388273516	0.9745574132476023
