level	regressor	mu	expansion
reference	reference	0.0008197273127734661	coarse
reference	combo_Mute_crx1	0.0005984866875223815	coarse
reference	combo_Mute_crx2	0.00020414339087437838	coarse
reference	combo_Mute_crx2_crx1	0.00344656640663743	coarse
reference	combo_Mute_crx3	0.0012973971897736192	coarse
reference	combo_Mute_crx3_crx1	0.0009088311926461756	coarse
reference	combo_Mute_crx3_crx2	0.0021554110571742058	coarse
reference	combo_Mute_crx4	0.0012691530864685774	coarse
reference	combo_Mute_crx4_crx1	0.001549796317704022	coarse
reference	combo_Mute_crx4_crx2	0.001515073236078024	coarse
reference	combo_Mute_crx4_crx3	0.004401164595037699	coarse
reference	combo_Mute_crx5	0.00130523182451725	coarse
reference	combo_Mute_crx5_crx1	0.0011894912458956242	coarse
reference	combo_Mute_crx5_crx2	0.0005881463875994086	coarse
reference	combo_Mute_crx5_crx3	0.004762704949826002	coarse
reference	combo_Mute_crx5_crx4	0.0016809002263471484	coarse
reference	combo_Q50_crx1	0.0004987947759218514	coarse
reference	combo_Q50_crx2	0.0015791559126228094	coarse
reference	combo_Q50_crx2_crx1	0.0010295783868059516	coarse
reference	combo_Q50_crx3	0.0006982748745940626	coarse
reference	combo_Q50_crx3_crx1	0.000763436546549201	coarse
reference	combo_Q50_crx3_crx2	0.0014921219553798437	coarse
reference	combo_Q50_crx4	0.0009454851387999952	coarse
reference	combo_Q50_crx4_crx1	0.002035010838881135	coarse
reference	combo_Q50_crx4_crx2	0.0012836322421208024	coarse
reference	combo_Q50_crx4_crx3	0.0006979672471061349	coarse
reference	combo_Q50_crx5	0.0006695624906569719	coarse
reference	combo_Q50_crx5_crx1	0.00042826871504075825	coarse
reference	combo_Q50_crx5_crx2	0.0019094006856903434	coarse
reference	combo_Q50_crx5_crx3	0.0007851720438338816	coarse
reference	combo_Q50_crx5_crx4	0.0006283955881372094	coarse
reference	eboxDouble_gcagctgg_to_gcaaatgg	0.0037790366914123297	coarse
reference	eboxDouble_gcagctgg_to_gcaagtgg	0.003842080244794488	coarse
reference	eboxDouble_gcagctgg_to_gcaattgg	0.004042723681777716	coarse
reference	eboxDouble_gcagctgg_to_gcacatgg	0.0009849272901192307	coarse
reference	eboxDouble_gcagctgg_to_gcacgtgg	0.000937088334467262	coarse
reference	eboxDouble_gcagctgg_to_gcacttgg	0.001674623228609562	coarse
reference	eboxDouble_gcagctgg_to_gcatatgg	0.0016488893888890743	coarse
reference	eboxDouble_gcagctgg_to_gcatgtgg	0.0003484214539639652	coarse
reference	eboxDouble_gcagctgg_to_gcatttgg	0.004184520337730646	coarse
reference	ebox_gcagctgg_to_acagctgg	0.001080357818864286	coarse
reference	ebox_gcagctgg_to_ccagctgg	0.0010509773856028914	coarse
reference	ebox_gcagctgg_to_gaagctgg	0.0021840017288923264	coarse
reference	ebox_gcagctgg_to_gcaactgg	0.0009297736105509102	coarse
reference	ebox_gcagctgg_to_gcacctgg	0.001407342730090022	coarse
reference	ebox_gcagctgg_to_gcagatgg	0.0013759082648903131	coarse
reference	ebox_gcagctgg_to_gcagcagg	0.0010412747506052256	coarse
reference	ebox_gcagctgg_to_gcagccgg	0.0013803242472931743	coarse
reference	ebox_gcagctgg_to_gcagcggg	0.00045244500506669283	coarse
reference	ebox_gcagctgg_to_gcagctag	0.0009247345733456314	coarse
reference	ebox_gcagctgg_to_gcagctcg	0.0012400848791003227	coarse
reference	ebox_gcagctgg_to_gcagctga	0.0010531822917982936	coarse
reference	ebox_gcagctgg_to_gcagctgc	0.0022017252631485462	coarse
reference	ebox_gcagctgg_to_gcagctgt	0.0017010457813739777	coarse
reference	ebox_gcagctgg_to_gcagcttg	0.004714425653219223	coarse
reference	ebox_gcagctgg_to_gcaggtgg	0.0021598588209599257	coarse
reference	ebox_gcagctgg_to_gcagttgg	0.0010160832898691297	coarse
reference	ebox_gcagctgg_to_gcatctgg	0.0009903403697535396	coarse
reference	ebox_gcagctgg_to_gccgctgg	0.0029953783378005028	coarse
reference	ebox_gcagctgg_to_gcggctgg	0.001064923359081149	coarse
reference	ebox_gcagctgg_to_gctgctgg	0.00484402384608984	coarse
reference	ebox_gcagctgg_to_ggagctgg	0.0012169998371973634	coarse
reference	ebox_gcagctgg_to_gtagctgg	0.0027899276465177536	coarse
reference	ebox_gcagctgg_to_tcagctgg	0.00188506452832371	coarse
reference	swap_crx1_to_gggataag_reverse	0.0013811510289087892	coarse
reference	swap_crx1_to_gggattag_reverse	0.0010733611416071653	coarse
reference	swap_crx1_to_gggcttag_reverse	0.00028331505018286407	coarse
reference	swap_crx2_to_gggataag_reverse	0.0010518995113670826	coarse
reference	swap_crx2_to_gggattag_reverse	0.0005762403015978634	coarse
reference	swap_crx2_to_gggcttag_reverse	0.00064913957612589	coarse
reference	swap_crx3_to_ctaagccc_forward	0.0008342060027644038	coarse
reference	swap_crx3_to_ctaatccc_forward	0.00032599008409306407	coarse
reference	swap_crx3_to_cttatccc_forward	0.0013756202533841133	coarse
reference	swap_crx4_to_ctaagccc_forward	0.0006755041540600359	coarse
reference	swap_crx4_to_ctaatccc_forward	0.0004306012415327132	coarse
reference	swap_crx4_to_cttatccc_forward	0.0013083037920296192	coarse
reference	swap_crx5_to_ctaagccc_forward	0.001007594051770866	coarse
reference	swap_crx5_to_ctaatccc_forward	0.000576287042349577	coarse
reference	swap_crx5_to_cttatccc_forward	0.0008821497904136777	coarse
reference	tail_conserve1_159_to_164	0.0005099238478578627	coarse
reference	tail_conserve1_164_to_169	0.001081947237253189	coarse
reference	tail_conserve1_169_to_174	0.0004007185634691268	coarse
reference	tail_conserve2_173_to_178	0.0016455479199066758	coarse
reference	tail_conserve2_178_to_183	0.001772113610059023	coarse
reference	tail_conserve2_183_to_188	0.0012835850939154625	coarse
reference	tail_conserve2_188_to_193	0.0007249988266266882	coarse
reference	tail_conserve2_193_to_198	0.0015416365349665284	coarse
reference	tail_conserve3_200_to_205	0.004137943498790264	coarse
reference	tail_conserve3_205_to_210	0.000851169228553772	coarse
reference	tail_conserve3_210_to_215	0.0007189630996435881	coarse
reference	tail_conserve3_215_to_220	0.00045000016689300537	coarse
reference	tail_conserve3_220_to_225	0.0007115657790564001	coarse
reference	tail_conserve3_225_to_230	0.001584578538313508	coarse
reference	tail_conserve3_230_to_235	0.0012873787200078368	coarse
reference	tail_conserve3_235_to_240	0.0007578372023999691	coarse
reference	tail_conserve3_240_to_245	0.0003816758980974555	coarse
reference	tail_conserve3_245_to_250	0.0006701598176732659	coarse
reference	tail_conserve3_250_to_255	0.002230740850791335	coarse
reference	tail_conserve4_423_to_428	0.002035014797002077	coarse
reference	tail_conserve4_428_to_433	0.0006221451913006604	coarse
reference	tail_conserve4_433_to_438	0.004971738904714584	coarse
reference	tail_conserve5_443_to_448	0.00027373264310881495	coarse
reference	tail_conserve5_448_to_453	0.0008709212415851653	coarse
reference	tail_conserve5_453_to_458	0.001153350342065096	coarse
reference	tail_conserve5_458_to_463	0.0008403590763919055	coarse
reference	tail_conserve5_463_to_468	0.0006687300046905875	coarse
reference	tail_conserve5_468_to_473	0.0011890024179592729	coarse
reference	tail_conserve5_473_to_478	0.0009107022196985781	coarse
reference	tail_conserve6_478_to_483	0.0009378272807225585	coarse
reference	tail_conserve6_483_to_488	0.0003056412097066641	coarse
reference	tail_conserve6_488_to_493	0.0007531267474405468	coarse
reference	tail_conserve6_493_to_498	0.0006648891139775515	coarse
reference	tail_conserve6_498_to_503	0.0007387793739326298	coarse
reference	tail_conserve6_503_to_508	0.0015760709065943956	coarse
Bipolar	reference	0.0013300908030942082	coarse
Bipolar	combo_Mute_crx1	0.0006447061896324158	coarse
Bipolar	combo_Mute_crx2	0.00029093289049342275	coarse
Bipolar	combo_Mute_crx2_crx1	0.0015313290059566498	coarse
Bipolar	combo_Mute_crx3	0.0032176445238292217	coarse
Bipolar	combo_Mute_crx3_crx1	0.001397504354827106	coarse
Bipolar	combo_Mute_crx3_crx2	0.0016698063118383288	coarse
Bipolar	combo_Mute_crx4	0.001141138724051416	coarse
Bipolar	combo_Mute_crx4_crx1	0.0008777343318797648	coarse
Bipolar	combo_Mute_crx4_crx2	0.0011546059977263212	coarse
Bipolar	combo_Mute_crx4_crx3	0.002617992926388979	coarse
Bipolar	combo_Mute_crx5	0.001454166485927999	coarse
Bipolar	combo_Mute_crx5_crx1	0.0010452275164425373	coarse
Bipolar	combo_Mute_crx5_crx2	0.0017601139843463898	coarse
Bipolar	combo_Mute_crx5_crx3	0.0026072589680552483	coarse
Bipolar	combo_Mute_crx5_crx4	0.0019579187501221895	coarse
Bipolar	combo_Q50_crx1	0.0004891805583611131	coarse
Bipolar	combo_Q50_crx2	0.0017855833284556866	coarse
Bipolar	combo_Q50_crx2_crx1	0.0008028836455196142	coarse
Bipolar	combo_Q50_crx3	0.0005711553967557847	coarse
Bipolar	combo_Q50_crx3_crx1	0.0004568264412228018	coarse
Bipolar	combo_Q50_crx3_crx2	0.003376520937308669	coarse
Bipolar	combo_Q50_crx4	0.001236348063685	coarse
Bipolar	combo_Q50_crx4_crx1	0.00115223228931427	coarse
Bipolar	combo_Q50_crx4_crx2	0.00044111505849286914	coarse
Bipolar	combo_Q50_crx4_crx3	0.0003987076925113797	coarse
Bipolar	combo_Q50_crx5	0.0007918998599052429	coarse
Bipolar	combo_Q50_crx5_crx1	0.0003480043669696897	coarse
Bipolar	combo_Q50_crx5_crx2	0.0008127359906211495	coarse
Bipolar	combo_Q50_crx5_crx3	0.0005908115999773145	coarse
Bipolar	combo_Q50_crx5_crx4	0.0006493977271020412	coarse
Bipolar	eboxDouble_gcagctgg_to_gcaaatgg	0.0059385839849710464	coarse
Bipolar	eboxDouble_gcagctgg_to_gcaagtgg	0.01098327524960041	coarse
Bipolar	eboxDouble_gcagctgg_to_gcaattgg	0.004740740172564983	coarse
Bipolar	eboxDouble_gcagctgg_to_gcacatgg	0.0015750911552459002	coarse
Bipolar	eboxDouble_gcagctgg_to_gcacgtgg	0.001275142072699964	coarse
Bipolar	eboxDouble_gcagctgg_to_gcacttgg	0.002358437282964587	coarse
Bipolar	eboxDouble_gcagctgg_to_gcatatgg	0.0015855422243475914	coarse
Bipolar	eboxDouble_gcagctgg_to_gcatgtgg	0.0011314902221783996	coarse
Bipolar	eboxDouble_gcagctgg_to_gcatttgg	0.0128988828510046	coarse
Bipolar	ebox_gcagctgg_to_acagctgg	0.00113250024151057	coarse
Bipolar	ebox_gcagctgg_to_ccagctgg	0.0011022770777344704	coarse
Bipolar	ebox_gcagctgg_to_gaagctgg	0.0042100404389202595	coarse
Bipolar	ebox_gcagctgg_to_gcaactgg	0.001102456939406693	coarse
Bipolar	ebox_gcagctgg_to_gcacctgg	0.004126652609556913	coarse
Bipolar	ebox_gcagctgg_to_gcagatgg	0.0015010751085355878	coarse
Bipolar	ebox_gcagctgg_to_gcagcagg	0.0011390630388632417	coarse
Bipolar	ebox_gcagctgg_to_gcagccgg	0.0010961759835481644	coarse
Bipolar	ebox_gcagctgg_to_gcagcggg	0.0009171869605779648	coarse
Bipolar	ebox_gcagctgg_to_gcagctag	0.0014973606448620558	coarse
Bipolar	ebox_gcagctgg_to_gcagctcg	0.001382171642035246	coarse
Bipolar	ebox_gcagctgg_to_gcagctgc	0.014876868575811386	coarse
Bipolar	ebox_gcagctgg_to_gcagctgt	0.010952998884022236	coarse
Bipolar	ebox_gcagctgg_to_gcagcttg	0.008669110015034676	coarse
Bipolar	ebox_gcagctgg_to_gcaggtgg	0.004600639920681715	coarse
Bipolar	ebox_gcagctgg_to_gcagttgg	0.0017702927580103278	coarse
Bipolar	ebox_gcagctgg_to_gcatctgg	0.00151160079985857	coarse
Bipolar	ebox_gcagctgg_to_gccgctgg	0.00456536840647459	coarse
Bipolar	ebox_gcagctgg_to_gcggctgg	0.0011000260710716248	coarse
Bipolar	ebox_gcagctgg_to_gctgctgg	0.00883763562887907	coarse
Bipolar	ebox_gcagctgg_to_ggagctgg	0.0009645705576986074	coarse
Bipolar	ebox_gcagctgg_to_gtagctgg	0.0056928605772554874	coarse
Bipolar	ebox_gcagctgg_to_tcagctgg	0.003029818646609783	coarse
Bipolar	swap_crx1_to_gggataag_reverse	0.0007939961506053805	coarse
Bipolar	swap_crx1_to_gggattag_reverse	0.0016339549329131842	coarse
Bipolar	swap_crx1_to_gggcttag_reverse	0.0003721296088770032	coarse
Bipolar	swap_crx2_to_gggataag_reverse	0.0011064773425459862	coarse
Bipolar	swap_crx2_to_gggattag_reverse	0.0004896795726381242	coarse
Bipolar	swap_crx2_to_gggcttag_reverse	0.000630312948487699	coarse
Bipolar	swap_crx3_to_ctaagccc_forward	0.001289094565436244	coarse
Bipolar	swap_crx3_to_ctaatccc_forward	0.0004542660608422011	coarse
Bipolar	swap_crx3_to_cttatccc_forward	0.001967988209798932	coarse
Bipolar	swap_crx4_to_ctaagccc_forward	0.0006375199882313609	coarse
Bipolar	swap_crx4_to_ctaatccc_forward	0.0005720932967960835	coarse
Bipolar	swap_crx4_to_cttatccc_forward	0.0016840723110362887	coarse
Bipolar	swap_crx5_to_ctaagccc_forward	0.0022304398007690907	coarse
Bipolar	swap_crx5_to_ctaatccc_forward	0.0012557236477732658	coarse
Bipolar	swap_crx5_to_cttatccc_forward	0.0012097744038328528	coarse
Bipolar	tail_conserve1_159_to_164	0.0007208834285847843	coarse
Bipolar	tail_conserve1_164_to_169	0.00121971289627254	coarse
Bipolar	tail_conserve1_169_to_174	0.000485192344058305	coarse
Bipolar	tail_conserve2_173_to_178	0.0055416906252503395	coarse
Bipolar	tail_conserve2_178_to_183	0.0018572841072455049	coarse
Bipolar	tail_conserve2_183_to_188	0.0017712570261210203	coarse
Bipolar	tail_conserve2_188_to_193	0.0020535930525511503	coarse
Bipolar	tail_conserve2_193_to_198	0.0019812656100839376	coarse
Bipolar	tail_conserve3_200_to_205	0.0067144474014639854	coarse
Bipolar	tail_conserve3_205_to_210	0.0022193891927599907	coarse
Bipolar	tail_conserve3_210_to_215	0.0007114996551536024	coarse
Bipolar	tail_conserve3_215_to_220	0.0005748507683165371	coarse
Bipolar	tail_conserve3_220_to_225	0.0008219705196097493	coarse
Bipolar	tail_conserve3_225_to_230	0.0014615232357755303	coarse
Bipolar	tail_conserve3_230_to_235	0.0011176266707479954	coarse
Bipolar	tail_conserve3_235_to_240	0.0010197591036558151	coarse
Bipolar	tail_conserve3_240_to_245	0.0003891202504746616	coarse
Bipolar	tail_conserve3_245_to_250	0.0004867318784818053	coarse
Bipolar	tail_conserve3_250_to_255	0.0015704398974776268	coarse
Bipolar	tail_conserve4_423_to_428	0.0044130547903478146	coarse
Bipolar	tail_conserve4_428_to_433	0.001259029028005898	coarse
Bipolar	tail_conserve4_433_to_438	0.0014496787916868925	coarse
Bipolar	tail_conserve5_443_to_448	0.0004413704155012965	coarse
Bipolar	tail_conserve5_448_to_453	0.0008541523129679263	coarse
Bipolar	tail_conserve5_453_to_458	0.0009304211707785726	coarse
Bipolar	tail_conserve5_458_to_463	0.0007419634493999183	coarse
Bipolar	tail_conserve5_463_to_468	0.0008174505201168358	coarse
Bipolar	tail_conserve5_468_to_473	0.0010473659494891763	coarse
Bipolar	tail_conserve5_473_to_478	0.0010903540533035994	coarse
Bipolar	tail_conserve6_478_to_483	0.0017388979904353619	coarse
Bipolar	tail_conserve6_483_to_488	0.0004198154783807695	coarse
Bipolar	tail_conserve6_488_to_493	0.0008457265794277191	coarse
Bipolar	tail_conserve6_493_to_498	0.0006582041387446225	coarse
Bipolar	tail_conserve6_498_to_503	0.0006830224301666021	coarse
Bipolar	tail_conserve6_503_to_508	0.0008669167291373014	coarse
Mueller Glia	reference	0.0005317727918736637	coarse
Mueller Glia	combo_Mute_crx1	0.0005085193552076817	coarse
Mueller Glia	combo_Mute_crx2	0.0022609257139265537	coarse
Mueller Glia	combo_Mute_crx2_crx1	0.004552782047539949	coarse
Mueller Glia	combo_Mute_crx3	0.0013049282133579254	coarse
Mueller Glia	combo_Mute_crx3_crx1	0.0010431080590933561	coarse
Mueller Glia	combo_Mute_crx3_crx2	0.005998989567160606	coarse
Mueller Glia	combo_Mute_crx4	0.001853868830949068	coarse
Mueller Glia	combo_Mute_crx4_crx1	0.0008063247078098357	coarse
Mueller Glia	combo_Mute_crx4_crx2	0.0034905672073364258	coarse
Mueller Glia	combo_Mute_crx4_crx3	0.0017455974593758583	coarse
Mueller Glia	combo_Mute_crx5	0.0006579820183105767	coarse
Mueller Glia	combo_Mute_crx5_crx1	0.0005560601130127907	coarse
Mueller Glia	combo_Mute_crx5_crx2	0.0011983851436525583	coarse
Mueller Glia	combo_Mute_crx5_crx3	0.0013005542568862438	coarse
Mueller Glia	combo_Mute_crx5_crx4	0.0009302539983764291	coarse
Mueller Glia	combo_Q50_crx1	0.0003547332889866084	coarse
Mueller Glia	combo_Q50_crx2	0.0017614355310797691	coarse
Mueller Glia	combo_Q50_crx2_crx1	0.0004902040236629546	coarse
Mueller Glia	combo_Q50_crx3	0.0007567625725641847	coarse
Mueller Glia	combo_Q50_crx3_crx1	0.0005778736667707562	coarse
Mueller Glia	combo_Q50_crx3_crx2	0.004714493174105883	coarse
Mueller Glia	combo_Q50_crx4	0.000728159153368324	coarse
Mueller Glia	combo_Q50_crx4_crx1	0.0022132175508886576	coarse
Mueller Glia	combo_Q50_crx4_crx2	0.004219850525259972	coarse
Mueller Glia	combo_Q50_crx4_crx3	0.0007488888804800808	coarse
Mueller Glia	combo_Q50_crx5	0.00046208183630369604	coarse
Mueller Glia	combo_Q50_crx5_crx1	0.0003324320132378489	coarse
Mueller Glia	combo_Q50_crx5_crx2	0.0005477007944136858	coarse
Mueller Glia	combo_Q50_crx5_crx3	0.0005289040855132043	coarse
Mueller Glia	combo_Q50_crx5_crx4	0.00045565757318399847	coarse
Mueller Glia	eboxDouble_gcagctgg_to_gcaaatgg	0.0014056827640160918	coarse
Mueller Glia	eboxDouble_gcagctgg_to_gcaagtgg	0.011115713976323605	coarse
Mueller Glia	eboxDouble_gcagctgg_to_gcaattgg	0.0011919833486899734	coarse
Mueller Glia	eboxDouble_gcagctgg_to_gcacatgg	0.0007345276535488665	coarse
Mueller Glia	eboxDouble_gcagctgg_to_gcacgtgg	0.0004608337767422199	coarse
Mueller Glia	eboxDouble_gcagctgg_to_gcacttgg	0.004420952405780554	coarse
Mueller Glia	eboxDouble_gcagctgg_to_gcatatgg	0.002486012876033783	coarse
Mueller Glia	eboxDouble_gcagctgg_to_gcatgtgg	0.00040463803452439606	coarse
Mueller Glia	eboxDouble_gcagctgg_to_gcatttgg	0.0010606275172904134	coarse
Mueller Glia	ebox_gcagctgg_to_acagctgg	0.0012711583403870463	coarse
Mueller Glia	ebox_gcagctgg_to_ccagctgg	0.0012317324290052056	coarse
Mueller Glia	ebox_gcagctgg_to_gaagctgg	0.004569051321595907	coarse
Mueller Glia	ebox_gcagctgg_to_gcaactgg	0.00070195272564888	coarse
Mueller Glia	ebox_gcagctgg_to_gcacctgg	0.002174624241888523	coarse
Mueller Glia	ebox_gcagctgg_to_gcagatgg	0.00040042531327344477	coarse
Mueller Glia	ebox_gcagctgg_to_gcagcagg	0.001183863845653832	coarse
Mueller Glia	ebox_gcagctgg_to_gcagccgg	0.0014061385300010443	coarse
Mueller Glia	ebox_gcagctgg_to_gcagcggg	0.00039730730350129306	coarse
Mueller Glia	ebox_gcagctgg_to_gcagctag	0.0010547175770625472	coarse
Mueller Glia	ebox_gcagctgg_to_gcagctcg	0.0013311211951076984	coarse
Mueller Glia	ebox_gcagctgg_to_gcagctga	0.0005315440939739347	coarse
Mueller Glia	ebox_gcagctgg_to_gcagctgc	0.0015809325268492103	coarse
Mueller Glia	ebox_gcagctgg_to_gcagctgt	0.000961651501711458	coarse
Mueller Glia	ebox_gcagctgg_to_gcagcttg	0.001058701891452074	coarse
Mueller Glia	ebox_gcagctgg_to_gcaggtgg	0.0036668465472757816	coarse
Mueller Glia	ebox_gcagctgg_to_gcagttgg	0.001562994671985507	coarse
Mueller Glia	ebox_gcagctgg_to_gcatctgg	0.0006426760810427368	coarse
Mueller Glia	ebox_gcagctgg_to_gccgctgg	0.00536094605922699	coarse
Mueller Glia	ebox_gcagctgg_to_gcggctgg	0.0009416998946107924	coarse
Mueller Glia	ebox_gcagctgg_to_gctgctgg	0.002581261796876788	coarse
Mueller Glia	ebox_gcagctgg_to_ggagctgg	0.0008097450481727719	coarse
Mueller Glia	ebox_gcagctgg_to_gtagctgg	0.002014033729210496	coarse
Mueller Glia	ebox_gcagctgg_to_tcagctgg	0.0012404958251863718	coarse
Mueller Glia	swap_crx1_to_gggataag_reverse	0.0006341010448522866	coarse
Mueller Glia	swap_crx1_to_gggattag_reverse	0.0005067061865702271	coarse
Mueller Glia	swap_crx1_to_gggcttag_reverse	0.00024355297500733286	coarse
Mueller Glia	swap_crx2_to_gggataag_reverse	0.0011862190440297127	coarse
Mueller Glia	swap_crx2_to_gggattag_reverse	0.00044055230682715774	coarse
Mueller Glia	swap_crx2_to_gggcttag_reverse	0.00045292379218153656	coarse
Mueller Glia	swap_crx3_to_ctaagccc_forward	0.0007917548646219075	coarse
Mueller Glia	swap_crx3_to_ctaatccc_forward	0.0001932871964527294	coarse
Mueller Glia	swap_crx3_to_cttatccc_forward	0.001234999974258244	coarse
Mueller Glia	swap_crx4_to_ctaagccc_forward	0.0004734471149276942	coarse
Mueller Glia	swap_crx4_to_ctaatccc_forward	0.00023494205379392952	coarse
Mueller Glia	swap_crx4_to_cttatccc_forward	0.0007675429806113243	coarse
Mueller Glia	swap_crx5_to_ctaagccc_forward	0.0005734485457651317	coarse
Mueller Glia	swap_crx5_to_ctaatccc_forward	0.0005851930472999811	coarse
Mueller Glia	swap_crx5_to_cttatccc_forward	0.0006630088319070637	coarse
Mueller Glia	tail_conserve1_159_to_164	0.000503846793435514	coarse
Mueller Glia	tail_conserve1_164_to_169	0.0013500694185495377	coarse
Mueller Glia	tail_conserve1_169_to_174	0.00028654863126575947	coarse
Mueller Glia	tail_conserve2_173_to_178	0.0018533585825935006	coarse
Mueller Glia	tail_conserve2_178_to_183	0.002379615558311343	coarse
Mueller Glia	tail_conserve2_183_to_188	0.0004595020436681807	coarse
Mueller Glia	tail_conserve2_188_to_193	0.0015476327389478683	coarse
Mueller Glia	tail_conserve2_193_to_198	0.0005154357058927417	coarse
Mueller Glia	tail_conserve3_200_to_205	0.0017452961765229702	coarse
Mueller Glia	tail_conserve3_205_to_210	0.0019107259577140212	coarse
Mueller Glia	tail_conserve3_210_to_215	0.000459093862446025	coarse
Mueller Glia	tail_conserve3_215_to_220	0.0002913143835030496	coarse
Mueller Glia	tail_conserve3_220_to_225	0.0007314278627745807	coarse
Mueller Glia	tail_conserve3_225_to_230	0.0037443554028868675	coarse
Mueller Glia	tail_conserve3_230_to_235	0.0010186349973082542	coarse
Mueller Glia	tail_conserve3_235_to_240	0.0004967277054674923	coarse
Mueller Glia	tail_conserve3_240_to_245	0.00017370108980685472	coarse
Mueller Glia	tail_conserve3_245_to_250	0.00032111394102685153	coarse
Mueller Glia	tail_conserve3_250_to_255	0.0010396568104624748	coarse
Mueller Glia	tail_conserve4_423_to_428	0.0007494486635550857	coarse
Mueller Glia	tail_conserve4_428_to_433	0.0005185393965803087	coarse
Mueller Glia	tail_conserve4_433_to_438	0.0013246798189356923	coarse
Mueller Glia	tail_conserve5_443_to_448	0.0002200626186095178	coarse
Mueller Glia	tail_conserve5_448_to_453	0.0013100485084578395	coarse
Mueller Glia	tail_conserve5_453_to_458	0.0008826596313156188	coarse
Mueller Glia	tail_conserve5_458_to_463	0.0006233917665667832	coarse
Mueller Glia	tail_conserve5_463_to_468	0.0004967736313119531	coarse
Mueller Glia	tail_conserve5_468_to_473	0.0008534723310731351	coarse
Mueller Glia	tail_conserve5_473_to_478	0.0007174104102887213	coarse
Mueller Glia	tail_conserve6_478_to_483	0.0012497550342231989	coarse
Mueller Glia	tail_conserve6_483_to_488	0.00023229925136547536	coarse
Mueller Glia	tail_conserve6_488_to_493	0.0006686394917778671	coarse
Mueller Glia	tail_conserve6_493_to_498	0.00041439279448240995	coarse
Mueller Glia	tail_conserve6_498_to_503	0.00032117488444782794	coarse
Mueller Glia	tail_conserve6_503_to_508	0.0010458178585395217	coarse
Interneuron	reference	0.00028365274192765355	coarse
Interneuron	combo_Mute_crx1	0.0002272676065331325	coarse
Interneuron	combo_Mute_crx2	8.803264063317329e-05	coarse
Interneuron	combo_Mute_crx2_crx1	0.0004948840942233801	coarse
Interneuron	combo_Mute_crx3	0.00037200169754214585	coarse
Interneuron	combo_Mute_crx3_crx1	0.00033823351259343326	coarse
Interneuron	combo_Mute_crx3_crx2	0.0003272996691521257	coarse
Interneuron	combo_Mute_crx4	0.00023090842296369374	coarse
Interneuron	combo_Mute_crx4_crx1	0.0003036450070794672	coarse
Interneuron	combo_Mute_crx4_crx2	0.0001932431332534179	coarse
Interneuron	combo_Mute_crx4_crx3	0.0005151823279447854	coarse
Interneuron	combo_Mute_crx5	0.0003922751930076629	coarse
Interneuron	combo_Mute_crx5_crx1	0.0006987224915064871	coarse
Interneuron	combo_Mute_crx5_crx2	5.323966615833342e-05	coarse
Interneuron	combo_Mute_crx5_crx3	0.002415510592982173	coarse
Interneuron	combo_Mute_crx5_crx4	0.0012441604631021619	coarse
Interneuron	combo_Q50_crx1	0.00011723013449227437	coarse
Interneuron	combo_Q50_crx2	0.0008794906316325068	coarse
Interneuron	combo_Q50_crx2_crx1	0.0007303738966584206	coarse
Interneuron	combo_Q50_crx3	0.00017567507165949792	coarse
Interneuron	combo_Q50_crx3_crx1	0.00030893777147866786	coarse
Interneuron	combo_Q50_crx3_crx2	0.000278971332591027	coarse
Interneuron	combo_Q50_crx4	0.000345641776220873	coarse
Interneuron	combo_Q50_crx4_crx1	0.0005825957050547004	coarse
Interneuron	combo_Q50_crx4_crx2	9.981771290767938e-05	coarse
Interneuron	combo_Q50_crx4_crx3	0.00020536969532258809	coarse
Interneuron	combo_Q50_crx5	0.00016871304251253605	coarse
Interneuron	combo_Q50_crx5_crx1	0.00011096247908426449	coarse
Interneuron	combo_Q50_crx5_crx2	0.00031602097442373633	coarse
Interneuron	combo_Q50_crx5_crx3	0.00019599539518821985	coarse
Interneuron	combo_Q50_crx5_crx4	0.00024776801001280546	coarse
Interneuron	eboxDouble_gcagctgg_to_gcaaatgg	0.0005776981706731021	coarse
Interneuron	eboxDouble_gcagctgg_to_gcaagtgg	0.0006760586984455585	coarse
Interneuron	eboxDouble_gcagctgg_to_gcaattgg	0.00042769545689225197	coarse
Interneuron	eboxDouble_gcagctgg_to_gcacatgg	0.0005565981264226139	coarse
Interneuron	eboxDouble_gcagctgg_to_gcacgtgg	0.00025831873062998056	coarse
Interneuron	eboxDouble_gcagctgg_to_gcacttgg	0.00030762446112930775	coarse
Interneuron	eboxDouble_gcagctgg_to_gcatatgg	0.00043326307786628604	coarse
Interneuron	eboxDouble_gcagctgg_to_gcatgtgg	0.00013578729704022408	coarse
Interneuron	eboxDouble_gcagctgg_to_gcatttgg	0.0003124601789750159	coarse
Interneuron	ebox_gcagctgg_to_acagctgg	0.00022922315110918134	coarse
Interneuron	ebox_gcagctgg_to_ccagctgg	0.00017392885638400912	coarse
Interneuron	ebox_gcagctgg_to_gaagctgg	0.0003509204834699631	coarse
Interneuron	ebox_gcagctgg_to_gcaactgg	0.00018433727382216603	coarse
Interneuron	ebox_gcagctgg_to_gcacctgg	0.0002520341658964753	coarse
Interneuron	ebox_gcagctgg_to_gcagatgg	0.0003115342406090349	coarse
Interneuron	ebox_gcagctgg_to_gcagcagg	0.0008835633634589612	coarse
Interneuron	ebox_gcagctgg_to_gcagccgg	0.0002101695426972583	coarse
Interneuron	ebox_gcagctgg_to_gcagcggg	8.894844359019771e-05	coarse
Interneuron	ebox_gcagctgg_to_gcagctag	0.0003157655301038176	coarse
Interneuron	ebox_gcagctgg_to_gcagctcg	0.0001912254374474287	coarse
Interneuron	ebox_gcagctgg_to_gcagctgt	0.00042101688450202346	coarse
Interneuron	ebox_gcagctgg_to_gcagcttg	0.000498560315463692	coarse
Interneuron	ebox_gcagctgg_to_gcaggtgg	0.00036938386620022357	coarse
Interneuron	ebox_gcagctgg_to_gcagttgg	0.0004659825353883207	coarse
Interneuron	ebox_gcagctgg_to_gcatctgg	0.00027377312653698027	coarse
Interneuron	ebox_gcagctgg_to_gccgctgg	0.000320813967846334	coarse
Interneuron	ebox_gcagctgg_to_gcggctgg	0.000278632331173867	coarse
Interneuron	ebox_gcagctgg_to_gctgctgg	0.0014444009866565466	coarse
Interneuron	ebox_gcagctgg_to_ggagctgg	0.0003805201267823577	coarse
Interneuron	ebox_gcagctgg_to_gtagctgg	0.0006655951729044318	coarse
Interneuron	ebox_gcagctgg_to_tcagctgg	0.0004194742941763252	coarse
Interneuron	swap_crx1_to_gggataag_reverse	0.0002401275996817276	coarse
Interneuron	swap_crx1_to_gggattag_reverse	0.0004065302200615406	coarse
Interneuron	swap_crx1_to_gggcttag_reverse	7.239082333398983e-05	coarse
Interneuron	swap_crx2_to_gggataag_reverse	0.00015386863378807902	coarse
Interneuron	swap_crx2_to_gggattag_reverse	0.00013283293810673058	coarse
Interneuron	swap_crx2_to_gggcttag_reverse	0.00020461410167627037	coarse
Interneuron	swap_crx3_to_ctaagccc_forward	0.0003181046340614557	coarse
Interneuron	swap_crx3_to_ctaatccc_forward	8.33291924209334e-05	coarse
Interneuron	swap_crx3_to_cttatccc_forward	0.00026187917683273554	coarse
Interneuron	swap_crx4_to_ctaagccc_forward	0.00014747896057087928	coarse
Interneuron	swap_crx4_to_ctaatccc_forward	8.959513797890395e-05	coarse
Interneuron	swap_crx4_to_cttatccc_forward	0.001078567118383944	coarse
Interneuron	swap_crx5_to_ctaagccc_forward	0.0009872375521808863	coarse
Interneuron	swap_crx5_to_ctaatccc_forward	0.0003084546478930861	coarse
Interneuron	swap_crx5_to_cttatccc_forward	0.0003096430446021259	coarse
Interneuron	tail_conserve1_159_to_164	0.0001421305350959301	coarse
Interneuron	tail_conserve1_164_to_169	0.00022761161380913109	coarse
Interneuron	tail_conserve1_169_to_174	0.00010168272274313495	coarse
Interneuron	tail_conserve2_173_to_178	0.00023198931012302637	coarse
Interneuron	tail_conserve2_178_to_183	0.001136132748797536	coarse
Interneuron	tail_conserve2_183_to_188	0.0002606058260425925	coarse
Interneuron	tail_conserve2_188_to_193	0.00013663803110830486	coarse
Interneuron	tail_conserve2_193_to_198	0.0004963898099958897	coarse
Interneuron	tail_conserve3_200_to_205	0.0007850612164475024	coarse
Interneuron	tail_conserve3_205_to_210	0.00010231656779069453	coarse
Interneuron	tail_conserve3_210_to_215	0.00021364478743635118	coarse
Interneuron	tail_conserve3_215_to_220	0.00011800679931184277	coarse
Interneuron	tail_conserve3_220_to_225	0.0002945499145425856	coarse
Interneuron	tail_conserve3_225_to_230	0.00038276557461358607	coarse
Interneuron	tail_conserve3_230_to_235	0.00025753703084774315	coarse
Interneuron	tail_conserve3_235_to_240	0.00015115569112822413	coarse
Interneuron	tail_conserve3_240_to_245	7.754123362246901e-05	coarse
Interneuron	tail_conserve3_245_to_250	0.00017624527390580624	coarse
Interneuron	tail_conserve3_250_to_255	0.0004872901481576264	coarse
Interneuron	tail_conserve4_423_to_428	0.0012106988579034805	coarse
Interneuron	tail_conserve4_428_to_433	0.00010970885341521353	coarse
Interneuron	tail_conserve4_433_to_438	0.0007668168982490897	coarse
Interneuron	tail_conserve5_443_to_448	6.0300208133412525e-05	coarse
Interneuron	tail_conserve5_448_to_453	0.00027530372608453035	coarse
Interneuron	tail_conserve5_453_to_458	0.0005642485339194536	coarse
Interneuron	tail_conserve5_458_to_463	0.00014566321624442935	coarse
Interneuron	tail_conserve5_463_to_468	0.0001822838676162064	coarse
Interneuron	tail_conserve5_468_to_473	0.000334718992235139	coarse
Interneuron	tail_conserve5_473_to_478	0.0005863913684152067	coarse
Interneuron	tail_conserve6_478_to_483	0.0003028254141099751	coarse
Interneuron	tail_conserve6_483_to_488	5.5665172112639993e-05	coarse
Interneuron	tail_conserve6_488_to_493	0.00030883081490173936	coarse
Interneuron	tail_conserve6_493_to_498	0.00015898932178970426	coarse
Interneuron	tail_conserve6_498_to_503	0.0001915835600811988	coarse
Interneuron	tail_conserve6_503_to_508	0.0005286388332024217	coarse
reference	reference	0.9802523255348206	fine
reference	combo_Mute_crx1	1.0148929357528687	fine
reference	combo_Mute_crx2	0.2926882207393646	fine
reference	combo_Mute_crx2_crx1	0.5892271995544434	fine
reference	combo_Mute_crx3	0.8152902722358704	fine
reference	combo_Mute_crx3_crx1	0.9117715358734131	fine
reference	combo_Mute_crx3_crx2	0.761409342288971	fine
reference	combo_Mute_crx4	0.8856051564216614	fine
reference	combo_Mute_crx4_crx1	0.8916463255882263	fine
reference	combo_Mute_crx4_crx2	0.5120346546173096	fine
reference	combo_Mute_crx4_crx3	0.7007927894592285	fine
reference	combo_Mute_crx5	0.9130212664604187	fine
reference	combo_Mute_crx5_crx1	0.9248080253601074	fine
reference	combo_Mute_crx5_crx2	0.38020896911621094	fine
reference	combo_Mute_crx5_crx3	0.754001796245575	fine
reference	combo_Mute_crx5_crx4	0.8868051171302795	fine
reference	combo_Q50_crx1	1.0262178182601929	fine
reference	combo_Q50_crx2	0.826828122138977	fine
reference	combo_Q50_crx2_crx1	0.8253793716430664	fine
reference	combo_Q50_crx3	0.9333553314208984	fine
reference	combo_Q50_crx3_crx1	0.9831198453903198	fine
reference	combo_Q50_crx3_crx2	0.3932115137577057	fine
reference	combo_Q50_crx4	0.910839319229126	fine
reference	combo_Q50_crx4_crx1	0.8438819050788879	fine
reference	combo_Q50_crx4_crx2	0.6883705258369446	fine
reference	combo_Q50_crx4_crx3	0.9898863434791565	fine
reference	combo_Q50_crx5	1.0169159173965454	fine
reference	combo_Q50_crx5_crx1	1.0717965364456177	fine
reference	combo_Q50_crx5_crx2	0.881010115146637	fine
reference	combo_Q50_crx5_crx3	0.9762369394302368	fine
reference	combo_Q50_crx5_crx4	1.0022811889648438	fine
reference	eboxDouble_gcagctgg_to_gcaaatgg	0.8030335307121277	fine
reference	eboxDouble_gcagctgg_to_gcaagtgg	0.6128268837928772	fine
reference	eboxDouble_gcagctgg_to_gcaattgg	0.8263795971870422	fine
reference	eboxDouble_gcagctgg_to_gcacatgg	0.9357466697692871	fine
reference	eboxDouble_gcagctgg_to_gcacgtgg	0.8952727317810059	fine
reference	eboxDouble_gcagctgg_to_gcacttgg	0.804801881313324	fine
reference	eboxDouble_gcagctgg_to_gcatatgg	0.9189538359642029	fine
reference	eboxDouble_gcagctgg_to_gcatgtgg	0.8812414407730103	fine
reference	eboxDouble_gcagctgg_to_gcatttgg	0.8245998620986938	fine
reference	ebox_gcagctgg_to_acagctgg	0.9592500329017639	fine
reference	ebox_gcagctgg_to_ccagctgg	1.0014194250106812	fine
reference	ebox_gcagctgg_to_gaagctgg	0.7961959838867188	fine
reference	ebox_gcagctgg_to_gcaactgg	0.9719290137290955	fine
reference	ebox_gcagctgg_to_gcacctgg	0.8689360618591309	fine
reference	ebox_gcagctgg_to_gcagatgg	0.9119091629981995	fine
reference	ebox_gcagctgg_to_gcagcagg	0.9269788265228271	fine
reference	ebox_gcagctgg_to_gcagccgg	0.9275321364402771	fine
reference	ebox_gcagctgg_to_gcagcggg	0.9718474745750427	fine
reference	ebox_gcagctgg_to_gcagctag	0.8547344207763672	fine
reference	ebox_gcagctgg_to_gcagctcg	0.8591013550758362	fine
reference	ebox_gcagctgg_to_gcagctga	0.6446099877357483	fine
reference	ebox_gcagctgg_to_gcagctgc	0.5573107004165649	fine
reference	ebox_gcagctgg_to_gcagctgt	0.5443134307861328	fine
reference	ebox_gcagctgg_to_gcagcttg	1.0422918796539307	fine
reference	ebox_gcagctgg_to_gcaggtgg	0.8152691721916199	fine
reference	ebox_gcagctgg_to_gcagttgg	0.8883419632911682	fine
reference	ebox_gcagctgg_to_gcatctgg	0.9687259793281555	fine
reference	ebox_gcagctgg_to_gccgctgg	0.7482987642288208	fine
reference	ebox_gcagctgg_to_gcggctgg	0.9369223713874817	fine
reference	ebox_gcagctgg_to_gctgctgg	0.6812810301780701	fine
reference	ebox_gcagctgg_to_ggagctgg	0.8852536678314209	fine
reference	ebox_gcagctgg_to_gtagctgg	0.801674485206604	fine
reference	ebox_gcagctgg_to_tcagctgg	0.8545413017272949	fine
reference	swap_crx1_to_gggataag_reverse	0.9066558480262756	fine
reference	swap_crx1_to_gggattag_reverse	0.9552948474884033	fine
reference	swap_crx1_to_gggcttag_reverse	1.0728791952133179	fine
reference	swap_crx2_to_gggataag_reverse	0.9089528918266296	fine
reference	swap_crx2_to_gggattag_reverse	0.999981701374054	fine
reference	swap_crx2_to_gggcttag_reverse	0.9702069163322449	fine
reference	swap_crx3_to_ctaagccc_forward	0.9042271971702576	fine
reference	swap_crx3_to_ctaatccc_forward	1.0362961292266846	fine
reference	swap_crx3_to_cttatccc_forward	0.8627628684043884	fine
reference	swap_crx4_to_ctaagccc_forward	1.0026583671569824	fine
reference	swap_crx4_to_ctaatccc_forward	1.0339558124542236	fine
reference	swap_crx4_to_cttatccc_forward	0.8749644756317139	fine
reference	swap_crx5_to_ctaagccc_forward	0.933312177658081	fine
reference	swap_crx5_to_ctaatccc_forward	1.0195468664169312	fine
reference	swap_crx5_to_cttatccc_forward	0.9910075664520264	fine
reference	tail_conserve1_159_to_164	1.021454095840454	fine
reference	tail_conserve1_164_to_169	0.9039068818092346	fine
reference	tail_conserve1_169_to_174	1.040952444076538	fine
reference	tail_conserve2_173_to_178	0.8507080078125	fine
reference	tail_conserve2_178_to_183	0.8512971997261047	fine
reference	tail_conserve2_183_to_188	0.8805949687957764	fine
reference	tail_conserve2_188_to_193	0.8498752117156982	fine
reference	tail_conserve2_193_to_198	0.884051501750946	fine
reference	tail_conserve3_200_to_205	0.7599542737007141	fine
reference	tail_conserve3_205_to_210	0.590283215045929	fine
reference	tail_conserve3_210_to_215	0.9967994689941406	fine
reference	tail_conserve3_215_to_220	1.0323476791381836	fine
reference	tail_conserve3_220_to_225	0.9923214316368103	fine
reference	tail_conserve3_225_to_230	0.8640844821929932	fine
reference	tail_conserve3_230_to_235	0.9637750387191772	fine
reference	tail_conserve3_235_to_240	0.9997143745422363	fine
reference	tail_conserve3_240_to_245	1.0820192098617554	fine
reference	tail_conserve3_245_to_250	1.0209195613861084	fine
reference	tail_conserve3_250_to_255	0.8775618672370911	fine
reference	tail_conserve4_423_to_428	0.8360276222229004	fine
reference	tail_conserve4_428_to_433	0.9442732334136963	fine
reference	tail_conserve4_433_to_438	0.8895399570465088	fine
reference	tail_conserve5_443_to_448	1.0585657358169556	fine
reference	tail_conserve5_448_to_453	0.9596453309059143	fine
reference	tail_conserve5_453_to_458	0.9355334043502808	fine
reference	tail_conserve5_458_to_463	0.9753026962280273	fine
reference	tail_conserve5_463_to_468	0.9705659747123718	fine
reference	tail_conserve5_468_to_473	0.8944612741470337	fine
reference	tail_conserve5_473_to_478	0.947754442691803	fine
reference	tail_conserve6_478_to_483	0.9171435832977295	fine
reference	tail_conserve6_483_to_488	1.0323387384414673	fine
reference	tail_conserve6_488_to_493	0.923976480960846	fine
reference	tail_conserve6_493_to_498	0.9887555241584778	fine
reference	tail_conserve6_498_to_503	0.9819785356521606	fine
reference	tail_conserve6_503_to_508	0.9030262231826782	fine
reference	wt_1	0.02607497200369835	fine
reference	wt_2	0.026889625936746597	fine
Bipolar	reference	1.0339683294296265	fine
Bipolar	combo_Mute_crx1	0.9891553521156311	fine
Bipolar	combo_Mute_crx2	0.37368372082710266	fine
Bipolar	combo_Mute_crx2_crx1	0.3247729539871216	fine
Bipolar	combo_Mute_crx3	1.0134341716766357	fine
Bipolar	combo_Mute_crx3_crx1	0.9951667785644531	fine
Bipolar	combo_Mute_crx3_crx2	0.6669058799743652	fine
Bipolar	combo_Mute_crx4	0.875505268573761	fine
Bipolar	combo_Mute_crx4_crx1	0.7267458438873291	fine
Bipolar	combo_Mute_crx4_crx2	0.4297730028629303	fine
Bipolar	combo_Mute_crx4_crx3	0.5168265700340271	fine
Bipolar	combo_Mute_crx5	0.9226083755493164	fine
Bipolar	combo_Mute_crx5_crx1	0.9831743240356445	fine
Bipolar	combo_Mute_crx5_crx2	0.6493040323257446	fine
Bipolar	combo_Mute_crx5_crx3	0.5196468234062195	fine
Bipolar	combo_Mute_crx5_crx4	0.9141367077827454	fine
Bipolar	combo_Q50_crx1	1.021113634109497	fine
Bipolar	combo_Q50_crx2	0.8063437938690186	fine
Bipolar	combo_Q50_crx2_crx1	0.7502792477607727	fine
Bipolar	combo_Q50_crx3	0.8859096169471741	fine
Bipolar	combo_Q50_crx3_crx1	0.8814857006072998	fine
Bipolar	combo_Q50_crx3_crx2	0.5884417295455933	fine
Bipolar	combo_Q50_crx4	0.9913202524185181	fine
Bipolar	combo_Q50_crx4_crx1	0.6762039065361023	fine
Bipolar	combo_Q50_crx4_crx2	0.39299020171165466	fine
Bipolar	combo_Q50_crx4_crx3	0.889518678188324	fine
Bipolar	combo_Q50_crx5	1.0584973096847534	fine
Bipolar	combo_Q50_crx5_crx1	1.0208265781402588	fine
Bipolar	combo_Q50_crx5_crx2	0.6647157669067383	fine
Bipolar	combo_Q50_crx5_crx3	0.895555317401886	fine
Bipolar	combo_Q50_crx5_crx4	1.0276484489440918	fine
Bipolar	eboxDouble_gcagctgg_to_gcaaatgg	0.8637852072715759	fine
Bipolar	eboxDouble_gcagctgg_to_gcaagtgg	0.8089776635169983	fine
Bipolar	eboxDouble_gcagctgg_to_gcaattgg	0.8521630167961121	fine
Bipolar	eboxDouble_gcagctgg_to_gcacatgg	1.0468369722366333	fine
Bipolar	eboxDouble_gcagctgg_to_gcacgtgg	0.9063108563423157	fine
Bipolar	eboxDouble_gcagctgg_to_gcacttgg	0.8819864988327026	fine
Bipolar	eboxDouble_gcagctgg_to_gcatatgg	0.9260599613189697	fine
Bipolar	eboxDouble_gcagctgg_to_gcatgtgg	1.0723568201065063	fine
Bipolar	eboxDouble_gcagctgg_to_gcatttgg	1.0623130798339844	fine
Bipolar	ebox_gcagctgg_to_acagctgg	1.0227047204971313	fine
Bipolar	ebox_gcagctgg_to_ccagctgg	1.0748344659805298	fine
Bipolar	ebox_gcagctgg_to_gaagctgg	0.9171463847160339	fine
Bipolar	ebox_gcagctgg_to_gcaactgg	1.0314788818359375	fine
Bipolar	ebox_gcagctgg_to_gcacctgg	1.2115366458892822	fine
Bipolar	ebox_gcagctgg_to_gcagatgg	0.8875612616539001	fine
Bipolar	ebox_gcagctgg_to_gcagcagg	0.937522828578949	fine
Bipolar	ebox_gcagctgg_to_gcagccgg	0.8232083320617676	fine
Bipolar	ebox_gcagctgg_to_gcagcggg	1.172283411026001	fine
Bipolar	ebox_gcagctgg_to_gcagctag	0.9217033386230469	fine
Bipolar	ebox_gcagctgg_to_gcagctcg	0.8470510244369507	fine
Bipolar	ebox_gcagctgg_to_gcagctgc	0.9179624915122986	fine
Bipolar	ebox_gcagctgg_to_gcagctgt	0.8836255669593811	fine
Bipolar	ebox_gcagctgg_to_gcagcttg	0.857427179813385	fine
Bipolar	ebox_gcagctgg_to_gcaggtgg	1.0238943099975586	fine
Bipolar	ebox_gcagctgg_to_gcagttgg	1.0728696584701538	fine
Bipolar	ebox_gcagctgg_to_gcatctgg	0.9833161234855652	fine
Bipolar	ebox_gcagctgg_to_gccgctgg	1.0003632307052612	fine
Bipolar	ebox_gcagctgg_to_gcggctgg	0.9696546792984009	fine
Bipolar	ebox_gcagctgg_to_gctgctgg	0.756369948387146	fine
Bipolar	ebox_gcagctgg_to_ggagctgg	0.7961244583129883	fine
Bipolar	ebox_gcagctgg_to_gtagctgg	0.912619948387146	fine
Bipolar	ebox_gcagctgg_to_tcagctgg	1.010750651359558	fine
Bipolar	swap_crx1_to_gggataag_reverse	0.7428289651870728	fine
Bipolar	swap_crx1_to_gggattag_reverse	1.0194627046585083	fine
Bipolar	swap_crx1_to_gggcttag_reverse	1.0915946960449219	fine
Bipolar	swap_crx2_to_gggataag_reverse	0.9224489331245422	fine
Bipolar	swap_crx2_to_gggattag_reverse	1.0143256187438965	fine
Bipolar	swap_crx2_to_gggcttag_reverse	0.9532798528671265	fine
Bipolar	swap_crx3_to_ctaagccc_forward	0.9725905656814575	fine
Bipolar	swap_crx3_to_ctaatccc_forward	1.0908617973327637	fine
Bipolar	swap_crx3_to_cttatccc_forward	1.0349572896957397	fine
Bipolar	swap_crx4_to_ctaagccc_forward	0.9591098427772522	fine
Bipolar	swap_crx4_to_ctaatccc_forward	1.0337159633636475	fine
Bipolar	swap_crx4_to_cttatccc_forward	0.9405152797698975	fine
Bipolar	swap_crx5_to_ctaagccc_forward	1.1595534086227417	fine
Bipolar	swap_crx5_to_ctaatccc_forward	1.1617296934127808	fine
Bipolar	swap_crx5_to_cttatccc_forward	0.9894762635231018	fine
Bipolar	tail_conserve1_159_to_164	1.0516561269760132	fine
Bipolar	tail_conserve1_164_to_169	0.8832073211669922	fine
Bipolar	tail_conserve1_169_to_174	1.049342155456543	fine
Bipolar	tail_conserve2_173_to_178	1.1059492826461792	fine
Bipolar	tail_conserve2_178_to_183	0.8710613250732422	fine
Bipolar	tail_conserve2_183_to_188	0.9458312392234802	fine
Bipolar	tail_conserve2_188_to_193	1.0433216094970703	fine
Bipolar	tail_conserve2_193_to_198	0.9365479350090027	fine
Bipolar	tail_conserve3_200_to_205	0.8159639239311218	fine
Bipolar	tail_conserve3_205_to_210	0.8315252661705017	fine
Bipolar	tail_conserve3_210_to_215	1.0438323020935059	fine
Bipolar	tail_conserve3_215_to_220	1.074421763420105	fine
Bipolar	tail_conserve3_220_to_225	1.1151529550552368	fine
Bipolar	tail_conserve3_225_to_230	0.8540188074111938	fine
Bipolar	tail_conserve3_230_to_235	0.8771579265594482	fine
Bipolar	tail_conserve3_235_to_240	1.0523666143417358	fine
Bipolar	tail_conserve3_240_to_245	1.0946247577667236	fine
Bipolar	tail_conserve3_245_to_250	0.9403285980224609	fine
Bipolar	tail_conserve3_250_to_255	0.7531179189682007	fine
Bipolar	tail_conserve4_423_to_428	0.9894404411315918	fine
Bipolar	tail_conserve4_428_to_433	1.0759077072143555	fine
Bipolar	tail_conserve4_433_to_438	0.5413525700569153	fine
Bipolar	tail_conserve5_443_to_448	1.1260207891464233	fine
Bipolar	tail_conserve5_448_to_453	0.9807924032211304	fine
Bipolar	tail_conserve5_453_to_458	0.8983201384544373	fine
Bipolar	tail_conserve5_458_to_463	0.9085144400596619	fine
Bipolar	tail_conserve5_463_to_468	1.1014200448989868	fine
Bipolar	tail_conserve5_468_to_473	0.8376882076263428	fine
Bipolar	tail_conserve5_473_to_478	0.9659970998764038	fine
Bipolar	tail_conserve6_478_to_483	1.0521240234375	fine
Bipolar	tail_conserve6_483_to_488	1.0577654838562012	fine
Bipolar	tail_conserve6_488_to_493	0.9402455687522888	fine
Bipolar	tail_conserve6_493_to_498	0.9897801280021667	fine
Bipolar	tail_conserve6_498_to_503	0.9657663106918335	fine
Bipolar	tail_conserve6_503_to_508	0.7419233918190002	fine
Bipolar	wt_1	0.026552632451057434	fine
Bipolar	wt_2	0.026552632451057434	fine
Mueller Glia	reference	0.8457483053207397	fine
Mueller Glia	combo_Mute_crx1	1.0565145015716553	fine
Mueller Glia	combo_Mute_crx2	0.9332562685012817	fine
Mueller Glia	combo_Mute_crx2_crx1	0.6283903121948242	fine
Mueller Glia	combo_Mute_crx3	0.7911335229873657	fine
Mueller Glia	combo_Mute_crx3_crx1	0.9619593024253845	fine
Mueller Glia	combo_Mute_crx3_crx2	1.0368257761001587	fine
Mueller Glia	combo_Mute_crx4	1.1306471824645996	fine
Mueller Glia	combo_Mute_crx4_crx1	0.7163435220718384	fine
Mueller Glia	combo_Mute_crx4_crx2	1.013277292251587	fine
Mueller Glia	combo_Mute_crx4_crx3	0.4440392255783081	fine
Mueller Glia	combo_Mute_crx5	0.7506605386734009	fine
Mueller Glia	combo_Mute_crx5_crx1	0.7197790145874023	fine
Mueller Glia	combo_Mute_crx5_crx2	0.6326601505279541	fine
Mueller Glia	combo_Mute_crx5_crx3	0.42463019490242004	fine
Mueller Glia	combo_Mute_crx5_crx4	0.7419531941413879	fine
Mueller Glia	combo_Q50_crx1	1.080414056777954	fine
Mueller Glia	combo_Q50_crx2	0.9533933997154236	fine
Mueller Glia	combo_Q50_crx2_crx1	0.6431509852409363	fine
Mueller Glia	combo_Q50_crx3	1.0647629499435425	fine
Mueller Glia	combo_Q50_crx3_crx1	0.9494280815124512	fine
Mueller Glia	combo_Q50_crx3_crx2	0.7148876786231995	fine
Mueller Glia	combo_Q50_crx4	0.8537293672561646	fine
Mueller Glia	combo_Q50_crx4_crx1	0.8277767300605774	fine
Mueller Glia	combo_Q50_crx4_crx2	1.3917564153671265	fine
Mueller Glia	combo_Q50_crx4_crx3	1.1514887809753418	fine
Mueller Glia	combo_Q50_crx5	1.0277442932128906	fine
Mueller Glia	combo_Q50_crx5_crx1	1.0953346490859985	fine
Mueller Glia	combo_Q50_crx5_crx2	0.5879615545272827	fine
Mueller Glia	combo_Q50_crx5_crx3	0.9362985491752625	fine
Mueller Glia	combo_Q50_crx5_crx4	1.029205322265625	fine
Mueller Glia	eboxDouble_gcagctgg_to_gcaaatgg	0.5566049814224243	fine
Mueller Glia	eboxDouble_gcagctgg_to_gcaagtgg	0.8950687050819397	fine
Mueller Glia	eboxDouble_gcagctgg_to_gcaattgg	0.49953943490982056	fine
Mueller Glia	eboxDouble_gcagctgg_to_gcacatgg	0.8515394926071167	fine
Mueller Glia	eboxDouble_gcagctgg_to_gcacgtgg	0.6947110295295715	fine
Mueller Glia	eboxDouble_gcagctgg_to_gcacttgg	1.0597258806228638	fine
Mueller Glia	eboxDouble_gcagctgg_to_gcatatgg	1.139818787574768	fine
Mueller Glia	eboxDouble_gcagctgg_to_gcatgtgg	0.8786062002182007	fine
Mueller Glia	eboxDouble_gcagctgg_to_gcatttgg	0.4324316382408142	fine
Mueller Glia	ebox_gcagctgg_to_acagctgg	0.9808181524276733	fine
Mueller Glia	ebox_gcagctgg_to_ccagctgg	1.1315456628799438	fine
Mueller Glia	ebox_gcagctgg_to_gaagctgg	0.9277899861335754	fine
Mueller Glia	ebox_gcagctgg_to_gcaactgg	0.9601568579673767	fine
Mueller Glia	ebox_gcagctgg_to_gcacctgg	0.9626923203468323	fine
Mueller Glia	ebox_gcagctgg_to_gcagatgg	0.6279106140136719	fine
Mueller Glia	ebox_gcagctgg_to_gcagcagg	1.0098973512649536	fine
Mueller Glia	ebox_gcagctgg_to_gcagccgg	0.8707605004310608	fine
Mueller Glia	ebox_gcagctgg_to_gcagcggg	0.9839603304862976	fine
Mueller Glia	ebox_gcagctgg_to_gcagctag	0.9382997155189514	fine
Mueller Glia	ebox_gcagctgg_to_gcagctcg	1.0920246839523315	fine
Mueller Glia	ebox_gcagctgg_to_gcagctga	0.02746611088514328	fine
Mueller Glia	ebox_gcagctgg_to_gcagctgc	0.5620453357696533	fine
Mueller Glia	ebox_gcagctgg_to_gcagctgt	0.4995906949043274	fine
Mueller Glia	ebox_gcagctgg_to_gcagcttg	0.5995218753814697	fine
Mueller Glia	ebox_gcagctgg_to_gcaggtgg	1.036691427230835	fine
Mueller Glia	ebox_gcagctgg_to_gcagttgg	1.0190974473953247	fine
Mueller Glia	ebox_gcagctgg_to_gcatctgg	0.8392207622528076	fine
Mueller Glia	ebox_gcagctgg_to_gccgctgg	0.9013493657112122	fine
Mueller Glia	ebox_gcagctgg_to_gcggctgg	0.9569056034088135	fine
Mueller Glia	ebox_gcagctgg_to_gctgctgg	0.5367991328239441	fine
Mueller Glia	ebox_gcagctgg_to_ggagctgg	0.8205488920211792	fine
Mueller Glia	ebox_gcagctgg_to_gtagctgg	0.7061730623245239	fine
Mueller Glia	ebox_gcagctgg_to_tcagctgg	0.7512710094451904	fine
Mueller Glia	swap_crx1_to_gggataag_reverse	0.6824130415916443	fine
Mueller Glia	swap_crx1_to_gggattag_reverse	0.7630686163902283	fine
Mueller Glia	swap_crx1_to_gggcttag_reverse	1.1440465450286865	fine
Mueller Glia	swap_crx2_to_gggataag_reverse	1.0553587675094604	fine
Mueller Glia	swap_crx2_to_gggattag_reverse	0.9576532244682312	fine
Mueller Glia	swap_crx2_to_gggcttag_reverse	0.9448114633560181	fine
Mueller Glia	swap_crx3_to_ctaagccc_forward	0.9620256423950195	fine
Mueller Glia	swap_crx3_to_ctaatccc_forward	1.059438705444336	fine
Mueller Glia	swap_crx3_to_cttatccc_forward	0.8891884684562683	fine
Mueller Glia	swap_crx4_to_ctaagccc_forward	0.9989182949066162	fine
Mueller Glia	swap_crx4_to_ctaatccc_forward	0.9755801558494568	fine
Mueller Glia	swap_crx4_to_cttatccc_forward	0.7701271176338196	fine
Mueller Glia	swap_crx5_to_ctaagccc_forward	0.8012222051620483	fine
Mueller Glia	swap_crx5_to_ctaatccc_forward	1.164601445198059	fine
Mueller Glia	swap_crx5_to_cttatccc_forward	0.9631132483482361	fine
Mueller Glia	tail_conserve1_159_to_164	1.1131246089935303	fine
Mueller Glia	tail_conserve1_164_to_169	1.0919256210327148	fine
Mueller Glia	tail_conserve1_169_to_174	1.013291597366333	fine
Mueller Glia	tail_conserve2_173_to_178	0.943595290184021	fine
Mueller Glia	tail_conserve2_178_to_183	1.099082350730896	fine
Mueller Glia	tail_conserve2_183_to_188	0.6042025685310364	fine
Mueller Glia	tail_conserve2_188_to_193	1.1088520288467407	fine
Mueller Glia	tail_conserve2_193_to_198	0.6428020596504211	fine
Mueller Glia	tail_conserve3_200_to_205	0.5661276578903198	fine
Mueller Glia	tail_conserve3_205_to_210	0.7760868668556213	fine
Mueller Glia	tail_conserve3_210_to_215	0.9436832070350647	fine
Mueller Glia	tail_conserve3_215_to_220	0.9826179146766663	fine
Mueller Glia	tail_conserve3_220_to_225	1.1701805591583252	fine
Mueller Glia	tail_conserve3_225_to_230	1.1714179515838623	fine
Mueller Glia	tail_conserve3_230_to_235	1.0570732355117798	fine
Mueller Glia	tail_conserve3_235_to_240	0.9557097554206848	fine
Mueller Glia	tail_conserve3_240_to_245	1.0433286428451538	fine
Mueller Glia	tail_conserve3_245_to_250	0.9170840978622437	fine
Mueller Glia	tail_conserve3_250_to_255	0.6986593008041382	fine
Mueller Glia	tail_conserve4_423_to_428	0.5960333943367004	fine
Mueller Glia	tail_conserve4_428_to_433	0.9159594178199768	fine
Mueller Glia	tail_conserve4_433_to_438	0.5466589331626892	fine
Mueller Glia	tail_conserve5_443_to_448	1.1776708364486694	fine
Mueller Glia	tail_conserve5_448_to_453	1.174474835395813	fine
Mueller Glia	tail_conserve5_453_to_458	0.937237024307251	fine
Mueller Glia	tail_conserve5_458_to_463	0.9092862010002136	fine
Mueller Glia	tail_conserve5_463_to_468	0.9875645637512207	fine
Mueller Glia	tail_conserve5_468_to_473	0.8674869537353516	fine
Mueller Glia	tail_conserve5_473_to_478	0.883569061756134	fine
Mueller Glia	tail_conserve6_478_to_483	0.9588876962661743	fine
Mueller Glia	tail_conserve6_483_to_488	1.0454397201538086	fine
Mueller Glia	tail_conserve6_488_to_493	0.9466686248779297	fine
Mueller Glia	tail_conserve6_493_to_498	0.9669511914253235	fine
Mueller Glia	tail_conserve6_498_to_503	0.8195964694023132	fine
Mueller Glia	tail_conserve6_503_to_508	0.8265584707260132	fine
Mueller Glia	wt_1	0.019317492842674255	fine
Mueller Glia	wt_2	0.019573718309402466	fine
Interneuron	reference	0.8851214051246643	fine
Interneuron	combo_Mute_crx1	0.8775829076766968	fine
Interneuron	combo_Mute_crx2	0.1502079963684082	fine
Interneuron	combo_Mute_crx2_crx1	0.15483106672763824	fine
Interneuron	combo_Mute_crx3	0.4815177917480469	fine
Interneuron	combo_Mute_crx3_crx1	0.7075468897819519	fine
Interneuron	combo_Mute_crx3_crx2	0.2639479339122772	fine
Interneuron	combo_Mute_crx4	0.4440690279006958	fine
Interneuron	combo_Mute_crx4_crx1	0.45039814710617065	fine
Interneuron	combo_Mute_crx4_crx2	0.10119504481554031	fine
Interneuron	combo_Mute_crx4_crx3	0.19595734775066376	fine
Interneuron	combo_Mute_crx5	0.5949094295501709	fine
Interneuron	combo_Mute_crx5_crx1	0.8860715627670288	fine
Interneuron	combo_Mute_crx5_crx2	0.04059796407818794	fine
Interneuron	combo_Mute_crx5_crx3	0.6705052256584167	fine
Interneuron	combo_Mute_crx5_crx4	0.9830247759819031	fine
Interneuron	combo_Q50_crx1	0.7962490916252136	fine
Interneuron	combo_Q50_crx2	0.6804755926132202	fine
Interneuron	combo_Q50_crx2_crx1	0.8496541976928711	fine
Interneuron	combo_Q50_crx3	0.621429979801178	fine
Interneuron	combo_Q50_crx3_crx1	0.8387415409088135	fine
Interneuron	combo_Q50_crx3_crx2	0.0978357270359993	fine
Interneuron	combo_Q50_crx4	0.6829505562782288	fine
Interneuron	combo_Q50_crx4_crx1	0.49464622139930725	fine
Interneuron	combo_Q50_crx4_crx2	0.11866400390863419	fine
Interneuron	combo_Q50_crx4_crx3	0.9238598346710205	fine
Interneuron	combo_Q50_crx5	0.8016716241836548	fine
Interneuron	combo_Q50_crx5_crx1	0.9379307627677917	fine
Interneuron	combo_Q50_crx5_crx2	0.42029088735580444	fine
Interneuron	combo_Q50_crx5_crx3	0.6949641704559326	fine
Interneuron	combo_Q50_crx5_crx4	0.9206387996673584	fine
Interneuron	eboxDouble_gcagctgg_to_gcaaatgg	0.32180100679397583	fine
Interneuron	eboxDouble_gcagctgg_to_gcaagtgg	0.3123069703578949	fine
Interneuron	eboxDouble_gcagctgg_to_gcaattgg	0.26299533247947693	fine
Interneuron	eboxDouble_gcagctgg_to_gcacatgg	0.8185263872146606	fine
Interneuron	eboxDouble_gcagctgg_to_gcacgtgg	0.5734187960624695	fine
Interneuron	eboxDouble_gcagctgg_to_gcacttgg	0.326124370098114	fine
Interneuron	eboxDouble_gcagctgg_to_gcatatgg	0.5799323320388794	fine
Interneuron	eboxDouble_gcagctgg_to_gcatgtgg	0.6695704460144043	fine
Interneuron	eboxDouble_gcagctgg_to_gcatttgg	0.153768390417099	fine
Interneuron	ebox_gcagctgg_to_acagctgg	0.5938333868980408	fine
Interneuron	ebox_gcagctgg_to_ccagctgg	0.5578251481056213	fine
Interneuron	ebox_gcagctgg_to_gaagctgg	0.31843531131744385	fine
Interneuron	ebox_gcagctgg_to_gcaactgg	0.6067104339599609	fine
Interneuron	ebox_gcagctgg_to_gcacctgg	0.459617555141449	fine
Interneuron	ebox_gcagctgg_to_gcagatgg	0.5701064467430115	fine
Interneuron	ebox_gcagctgg_to_gcagcagg	1.139955759048462	fine
Interneuron	ebox_gcagctgg_to_gcagccgg	0.4282127320766449	fine
Interneuron	ebox_gcagctgg_to_gcagcggg	0.6322417259216309	fine
Interneuron	ebox_gcagctgg_to_gcagctag	0.621737539768219	fine
Interneuron	ebox_gcagctgg_to_gcagctcg	0.3571668863296509	fine
Interneuron	ebox_gcagctgg_to_gcagctgt	0.4998430609703064	fine
Interneuron	ebox_gcagctgg_to_gcagcttg	0.5553000569343567	fine
Interneuron	ebox_gcagctgg_to_gcaggtgg	0.3485668897628784	fine
Interneuron	ebox_gcagctgg_to_gcagttgg	0.7380972504615784	fine
Interneuron	ebox_gcagctgg_to_gcatctgg	0.6812291741371155	fine
Interneuron	ebox_gcagctgg_to_gccgctgg	0.19285976886749268	fine
Interneuron	ebox_gcagctgg_to_gcggctgg	0.6093636751174927	fine
Interneuron	ebox_gcagctgg_to_gctgctgg	0.430220365524292	fine
Interneuron	ebox_gcagctgg_to_ggagctgg	0.591825544834137	fine
Interneuron	ebox_gcagctgg_to_gtagctgg	0.3835330903530121	fine
Interneuron	ebox_gcagctgg_to_tcagctgg	0.45416873693466187	fine
Interneuron	swap_crx1_to_gggataag_reverse	0.43813467025756836	fine
Interneuron	swap_crx1_to_gggattag_reverse	0.830049991607666	fine
Interneuron	swap_crx1_to_gggcttag_reverse	0.9831018447875977	fine
Interneuron	swap_crx2_to_gggataag_reverse	0.4264170229434967	fine
Interneuron	swap_crx2_to_gggattag_reverse	0.7311654090881348	fine
Interneuron	swap_crx2_to_gggcttag_reverse	0.7950025200843811	fine
Interneuron	swap_crx3_to_ctaagccc_forward	0.6803783774375916	fine
Interneuron	swap_crx3_to_ctaatccc_forward	0.865799069404602	fine
Interneuron	swap_crx3_to_cttatccc_forward	0.45416733622550964	fine
Interneuron	swap_crx4_to_ctaagccc_forward	0.7050665616989136	fine
Interneuron	swap_crx4_to_ctaatccc_forward	0.7802326679229736	fine
Interneuron	swap_crx4_to_cttatccc_forward	0.8934023976325989	fine
Interneuron	swap_crx5_to_ctaagccc_forward	1.118247151374817	fine
Interneuron	swap_crx5_to_ctaatccc_forward	1.0627158880233765	fine
Interneuron	swap_crx5_to_cttatccc_forward	0.7653331160545349	fine
Interneuron	tail_conserve1_159_to_164	0.8341004252433777	fine
Interneuron	tail_conserve1_164_to_169	0.5218218564987183	fine
Interneuron	tail_conserve1_169_to_174	0.8969990015029907	fine
Interneuron	tail_conserve2_173_to_178	0.33554965257644653	fine
Interneuron	tail_conserve2_178_to_183	0.8097847104072571	fine
Interneuron	tail_conserve2_183_to_188	0.46769142150878906	fine
Interneuron	tail_conserve2_188_to_193	0.4419284760951996	fine
Interneuron	tail_conserve2_193_to_198	0.6093444228172302	fine
Interneuron	tail_conserve3_200_to_205	0.36814969778060913	fine
Interneuron	tail_conserve3_205_to_210	0.13322725892066956	fine
Interneuron	tail_conserve3_210_to_215	0.8203535676002502	fine
Interneuron	tail_conserve3_215_to_220	0.8413043022155762	fine
Interneuron	tail_conserve3_220_to_225	0.8408978581428528	fine
Interneuron	tail_conserve3_225_to_230	0.5071543455123901	fine
Interneuron	tail_conserve3_230_to_235	0.5750950574874878	fine
Interneuron	tail_conserve3_235_to_240	0.6796017289161682	fine
Interneuron	tail_conserve3_240_to_245	0.8873599171638489	fine
Interneuron	tail_conserve3_245_to_250	0.7874582409858704	fine
Interneuron	tail_conserve3_250_to_255	0.47501862049102783	fine
Interneuron	tail_conserve4_423_to_428	0.6965493559837341	fine
Interneuron	tail_conserve4_428_to_433	0.5405846238136292	fine
Interneuron	tail_conserve4_433_to_438	0.5551725625991821	fine
Interneuron	tail_conserve5_443_to_448	0.87262362241745	fine
Interneuron	tail_conserve5_448_to_453	0.775145411491394	fine
Interneuron	tail_conserve5_453_to_458	0.8009811043739319	fine
Interneuron	tail_conserve5_458_to_463	0.5658373236656189	fine
Interneuron	tail_conserve5_463_to_468	0.7553021907806396	fine
Interneuron	tail_conserve5_468_to_473	0.6099194288253784	fine
Interneuron	tail_conserve5_473_to_478	0.8840579986572266	fine
Interneuron	tail_conserve6_478_to_483	0.6556060314178467	fine
Interneuron	tail_conserve6_483_to_488	0.7781611680984497	fine
Interneuron	tail_conserve6_488_to_493	0.7504773736000061	fine
Interneuron	tail_conserve6_493_to_498	0.7229232788085938	fine
Interneuron	tail_conserve6_498_to_503	0.6869013905525208	fine
Interneuron	tail_conserve6_503_to_508	0.6354012489318848	fine
Interneuron	wt_1	0.024906311184167862	fine
Interneuron	wt_2	0.02493724413216114	fine
